model,cell,month,y_true,y_prob
Persistence,0,2025-07,0,0.0
Persistence,1,2025-07,0,0.0
Persistence,2,2025-07,0,0.0
Persistence,3,2025-07,0,0.0
Persistence,4,2025-07,0,0.0
Persistence,5,2025-07,0,0.0
Persistence,6,2025-07,0,0.0
Persistence,7,2025-07,0,0.0
Persistence,8,2025-07,0,0.0
Persistence,9,2025-07,0,0.0
Persistence,10,2025-07,0,0.0
Persistence,11,2025-07,0,0.0
Persistence,12,2025-07,0,0.0
Persistence,13,2025-07,0,0.0
Persistence,14,2025-07,0,0.0
Persistence,15,2025-07,0,0.0
Persistence,16,2025-07,0,0.0
Persistence,17,2025-07,0,0.0
Persistence,18,2025-07,0,0.0
Persistence,19,2025-07,0,0.0
Persistence,20,2025-07,1,1.0
Persistence,21,2025-07,0,0.0
Persistence,22,2025-07,1,1.0
Persistence,23,2025-07,0,0.0
Persistence,24,2025-07,0,0.0
Persistence,25,2025-07,0,0.0
Persistence,26,2025-07,0,0.0
Persistence,27,2025-07,1,1.0
Persistence,28,2025-07,0,0.0
Persistence,29,2025-07,1,1.0
Persistence,30,2025-07,1,1.0
Persistence,31,2025-07,0,0.0
Persistence,32,2025-07,1,1.0
Persistence,33,2025-07,0,0.0
Persistence,34,2025-07,1,0.0
Persistence,35,2025-07,0,0.0
Persistence,36,2025-07,0,0.0
Persistence,37,2025-07,0,0.0
Persistence,38,2025-07,0,0.0
Persistence,39,2025-07,0,0.0
Persistence,40,2025-07,0,1.0
Persistence,41,2025-07,0,0.0
Persistence,42,2025-07,0,0.0
Persistence,43,2025-07,0,0.0
Persistence,44,2025-07,0,1.0
Persistence,45,2025-07,0,0.0
Persistence,46,2025-07,0,0.0
Persistence,47,2025-07,0,0.0
Persistence,48,2025-07,0,0.0
Persistence,49,2025-07,0,0.0
Persistence,50,2025-07,0,0.0
Persistence,51,2025-07,0,0.0
Persistence,52,2025-07,0,0.0
Persistence,53,2025-07,0,0.0
Persistence,54,2025-07,1,1.0
Persistence,55,2025-07,1,1.0
Persistence,56,2025-07,0,0.0
Persistence,57,2025-07,1,1.0
Persistence,58,2025-07,0,0.0
Persistence,59,2025-07,0,0.0
Persistence,60,2025-07,0,0.0
Persistence,61,2025-07,0,0.0
Persistence,62,2025-07,0,0.0
Persistence,63,2025-07,0,0.0
Persistence,64,2025-07,0,0.0
Persistence,65,2025-07,0,0.0
Persistence,66,2025-07,0,0.0
Persistence,67,2025-07,0,0.0
Persistence,68,2025-07,0,0.0
Persistence,69,2025-07,0,0.0
Persistence,70,2025-07,0,0.0
Persistence,71,2025-07,0,0.0
Persistence,72,2025-07,0,0.0
Persistence,73,2025-07,0,0.0
Persistence,74,2025-07,0,0.0
Persistence,75,2025-07,0,0.0
Persistence,76,2025-07,0,0.0
Persistence,77,2025-07,0,0.0
Persistence,78,2025-07,0,0.0
Persistence,79,2025-07,0,0.0
Persistence,80,2025-07,0,0.0
Persistence,81,2025-07,0,0.0
Persistence,82,2025-07,0,0.0
Persistence,83,2025-07,0,0.0
Persistence,0,2025-08,0,0.0
Persistence,1,2025-08,0,0.0
Persistence,2,2025-08,0,0.0
Persistence,3,2025-08,0,0.0
Persistence,4,2025-08,0,0.0
Persistence,5,2025-08,0,0.0
Persistence,6,2025-08,1,0.0
Persistence,7,2025-08,0,0.0
Persistence,8,2025-08,0,0.0
Persistence,9,2025-08,0,0.0
Persistence,10,2025-08,0,0.0
Persistence,11,2025-08,0,0.0
Persistence,12,2025-08,0,0.0
Persistence,13,2025-08,0,0.0
Persistence,14,2025-08,0,0.0
Persistence,15,2025-08,0,0.0
Persistence,16,2025-08,0,0.0
Persistence,17,2025-08,0,0.0
Persistence,18,2025-08,1,0.0
Persistence,19,2025-08,0,0.0
Persistence,20,2025-08,1,1.0
Persistence,21,2025-08,0,0.0
Persistence,22,2025-08,0,1.0
Persistence,23,2025-08,0,0.0
Persistence,24,2025-08,0,0.0
Persistence,25,2025-08,0,0.0
Persistence,26,2025-08,0,0.0
Persistence,27,2025-08,1,1.0
Persistence,28,2025-08,0,0.0
Persistence,29,2025-08,1,1.0
Persistence,30,2025-08,0,1.0
Persistence,31,2025-08,0,0.0
Persistence,32,2025-08,0,1.0
Persistence,33,2025-08,0,0.0
Persistence,34,2025-08,1,1.0
Persistence,35,2025-08,0,0.0
Persistence,36,2025-08,0,0.0
Persistence,37,2025-08,0,0.0
Persistence,38,2025-08,0,0.0
Persistence,39,2025-08,0,0.0
Persistence,40,2025-08,0,0.0
Persistence,41,2025-08,0,0.0
Persistence,42,2025-08,0,0.0
Persistence,43,2025-08,0,0.0
Persistence,44,2025-08,1,0.0
Persistence,45,2025-08,0,0.0
Persistence,46,2025-08,0,0.0
Persistence,47,2025-08,0,0.0
Persistence,48,2025-08,0,0.0
Persistence,49,2025-08,0,0.0
Persistence,50,2025-08,0,0.0
Persistence,51,2025-08,1,0.0
Persistence,52,2025-08,0,0.0
Persistence,53,2025-08,0,0.0
Persistence,54,2025-08,1,1.0
Persistence,55,2025-08,1,1.0
Persistence,56,2025-08,0,0.0
Persistence,57,2025-08,1,1.0
Persistence,58,2025-08,0,0.0
Persistence,59,2025-08,0,0.0
Persistence,60,2025-08,0,0.0
Persistence,61,2025-08,0,0.0
Persistence,62,2025-08,0,0.0
Persistence,63,2025-08,0,0.0
Persistence,64,2025-08,0,0.0
Persistence,65,2025-08,0,0.0
Persistence,66,2025-08,0,0.0
Persistence,67,2025-08,0,0.0
Persistence,68,2025-08,0,0.0
Persistence,69,2025-08,0,0.0
Persistence,70,2025-08,0,0.0
Persistence,71,2025-08,0,0.0
Persistence,72,2025-08,0,0.0
Persistence,73,2025-08,0,0.0
Persistence,74,2025-08,0,0.0
Persistence,75,2025-08,0,0.0
Persistence,76,2025-08,0,0.0
Persistence,77,2025-08,0,0.0
Persistence,78,2025-08,0,0.0
Persistence,79,2025-08,0,0.0
Persistence,80,2025-08,0,0.0
Persistence,81,2025-08,0,0.0
Persistence,82,2025-08,0,0.0
Persistence,83,2025-08,0,0.0
Persistence,0,2025-09,0,0.0
Persistence,1,2025-09,0,0.0
Persistence,2,2025-09,0,0.0
Persistence,3,2025-09,0,0.0
Persistence,4,2025-09,0,0.0
Persistence,5,2025-09,0,0.0
Persistence,6,2025-09,1,1.0
Persistence,7,2025-09,0,0.0
Persistence,8,2025-09,0,0.0
Persistence,9,2025-09,0,0.0
Persistence,10,2025-09,0,0.0
Persistence,11,2025-09,0,0.0
Persistence,12,2025-09,0,0.0
Persistence,13,2025-09,0,0.0
Persistence,14,2025-09,1,0.0
Persistence,15,2025-09,0,0.0
Persistence,16,2025-09,0,0.0
Persistence,17,2025-09,0,0.0
Persistence,18,2025-09,1,1.0
Persistence,19,2025-09,0,0.0
Persistence,20,2025-09,1,1.0
Persistence,21,2025-09,0,0.0
Persistence,22,2025-09,0,0.0
Persistence,23,2025-09,0,0.0
Persistence,24,2025-09,0,0.0
Persistence,25,2025-09,0,0.0
Persistence,26,2025-09,0,0.0
Persistence,27,2025-09,1,1.0
Persistence,28,2025-09,0,0.0
Persistence,29,2025-09,1,1.0
Persistence,30,2025-09,1,0.0
Persistence,31,2025-09,1,0.0
Persistence,32,2025-09,0,0.0
Persistence,33,2025-09,0,0.0
Persistence,34,2025-09,1,1.0
Persistence,35,2025-09,0,0.0
Persistence,36,2025-09,0,0.0
Persistence,37,2025-09,0,0.0
Persistence,38,2025-09,0,0.0
Persistence,39,2025-09,0,0.0
Persistence,40,2025-09,0,0.0
Persistence,41,2025-09,0,0.0
Persistence,42,2025-09,0,0.0
Persistence,43,2025-09,0,0.0
Persistence,44,2025-09,1,1.0
Persistence,45,2025-09,0,0.0
Persistence,46,2025-09,0,0.0
Persistence,47,2025-09,0,0.0
Persistence,48,2025-09,0,0.0
Persistence,49,2025-09,0,0.0
Persistence,50,2025-09,0,0.0
Persistence,51,2025-09,0,1.0
Persistence,52,2025-09,0,0.0
Persistence,53,2025-09,0,0.0
Persistence,54,2025-09,1,1.0
Persistence,55,2025-09,1,1.0
Persistence,56,2025-09,0,0.0
Persistence,57,2025-09,1,1.0
Persistence,58,2025-09,0,0.0
Persistence,59,2025-09,0,0.0
Persistence,60,2025-09,0,0.0
Persistence,61,2025-09,0,0.0
Persistence,62,2025-09,0,0.0
Persistence,63,2025-09,0,0.0
Persistence,64,2025-09,0,0.0
Persistence,65,2025-09,0,0.0
Persistence,66,2025-09,0,0.0
Persistence,67,2025-09,0,0.0
Persistence,68,2025-09,0,0.0
Persistence,69,2025-09,0,0.0
Persistence,70,2025-09,0,0.0
Persistence,71,2025-09,0,0.0
Persistence,72,2025-09,0,0.0
Persistence,73,2025-09,0,0.0
Persistence,74,2025-09,0,0.0
Persistence,75,2025-09,0,0.0
Persistence,76,2025-09,0,0.0
Persistence,77,2025-09,0,0.0
Persistence,78,2025-09,0,0.0
Persistence,79,2025-09,0,0.0
Persistence,80,2025-09,0,0.0
Persistence,81,2025-09,0,0.0
Persistence,82,2025-09,0,0.0
Persistence,83,2025-09,0,0.0
Persistence,0,2025-10,0,0.0
Persistence,1,2025-10,0,0.0
Persistence,2,2025-10,0,0.0
Persistence,3,2025-10,0,0.0
Persistence,4,2025-10,0,0.0
Persistence,5,2025-10,0,0.0
Persistence,6,2025-10,1,1.0
Persistence,7,2025-10,0,0.0
Persistence,8,2025-10,0,0.0
Persistence,9,2025-10,0,0.0
Persistence,10,2025-10,0,0.0
Persistence,11,2025-10,0,0.0
Persistence,12,2025-10,0,0.0
Persistence,13,2025-10,0,0.0
Persistence,14,2025-10,0,1.0
Persistence,15,2025-10,0,0.0
Persistence,16,2025-10,0,0.0
Persistence,17,2025-10,0,0.0
Persistence,18,2025-10,0,1.0
Persistence,19,2025-10,0,0.0
Persistence,20,2025-10,1,1.0
Persistence,21,2025-10,0,0.0
Persistence,22,2025-10,1,0.0
Persistence,23,2025-10,0,0.0
Persistence,24,2025-10,0,0.0
Persistence,25,2025-10,0,0.0
Persistence,26,2025-10,0,0.0
Persistence,27,2025-10,1,1.0
Persistence,28,2025-10,0,0.0
Persistence,29,2025-10,1,1.0
Persistence,30,2025-10,1,1.0
Persistence,31,2025-10,0,1.0
Persistence,32,2025-10,1,0.0
Persistence,33,2025-10,0,0.0
Persistence,34,2025-10,1,1.0
Persistence,35,2025-10,0,0.0
Persistence,36,2025-10,0,0.0
Persistence,37,2025-10,0,0.0
Persistence,38,2025-10,0,0.0
Persistence,39,2025-10,0,0.0
Persistence,40,2025-10,1,0.0
Persistence,41,2025-10,0,0.0
Persistence,42,2025-10,0,0.0
Persistence,43,2025-10,0,0.0
Persistence,44,2025-10,1,1.0
Persistence,45,2025-10,0,0.0
Persistence,46,2025-10,0,0.0
Persistence,47,2025-10,0,0.0
Persistence,48,2025-10,0,0.0
Persistence,49,2025-10,0,0.0
Persistence,50,2025-10,0,0.0
Persistence,51,2025-10,0,0.0
Persistence,52,2025-10,0,0.0
Persistence,53,2025-10,0,0.0
Persistence,54,2025-10,0,1.0
Persistence,55,2025-10,0,1.0
Persistence,56,2025-10,0,0.0
Persistence,57,2025-10,1,1.0
Persistence,58,2025-10,0,0.0
Persistence,59,2025-10,0,0.0
Persistence,60,2025-10,0,0.0
Persistence,61,2025-10,0,0.0
Persistence,62,2025-10,0,0.0
Persistence,63,2025-10,0,0.0
Persistence,64,2025-10,0,0.0
Persistence,65,2025-10,0,0.0
Persistence,66,2025-10,0,0.0
Persistence,67,2025-10,0,0.0
Persistence,68,2025-10,0,0.0
Persistence,69,2025-10,0,0.0
Persistence,70,2025-10,0,0.0
Persistence,71,2025-10,0,0.0
Persistence,72,2025-10,0,0.0
Persistence,73,2025-10,0,0.0
Persistence,74,2025-10,0,0.0
Persistence,75,2025-10,0,0.0
Persistence,76,2025-10,0,0.0
Persistence,77,2025-10,0,0.0
Persistence,78,2025-10,0,0.0
Persistence,79,2025-10,0,0.0
Persistence,80,2025-10,0,0.0
Persistence,81,2025-10,0,0.0
Persistence,82,2025-10,0,0.0
Persistence,83,2025-10,0,0.0
Persistence,0,2025-11,0,0.0
Persistence,1,2025-11,0,0.0
Persistence,2,2025-11,0,0.0
Persistence,3,2025-11,0,0.0
Persistence,4,2025-11,0,0.0
Persistence,5,2025-11,0,0.0
Persistence,6,2025-11,0,1.0
Persistence,7,2025-11,0,0.0
Persistence,8,2025-11,0,0.0
Persistence,9,2025-11,0,0.0
Persistence,10,2025-11,0,0.0
Persistence,11,2025-11,0,0.0
Persistence,12,2025-11,0,0.0
Persistence,13,2025-11,0,0.0
Persistence,14,2025-11,0,0.0
Persistence,15,2025-11,0,0.0
Persistence,16,2025-11,0,0.0
Persistence,17,2025-11,0,0.0
Persistence,18,2025-11,0,0.0
Persistence,19,2025-11,0,0.0
Persistence,20,2025-11,1,1.0
Persistence,21,2025-11,0,0.0
Persistence,22,2025-11,1,1.0
Persistence,23,2025-11,0,0.0
Persistence,24,2025-11,0,0.0
Persistence,25,2025-11,0,0.0
Persistence,26,2025-11,0,0.0
Persistence,27,2025-11,1,1.0
Persistence,28,2025-11,0,0.0
Persistence,29,2025-11,1,1.0
Persistence,30,2025-11,1,1.0
Persistence,31,2025-11,1,0.0
Persistence,32,2025-11,0,1.0
Persistence,33,2025-11,0,0.0
Persistence,34,2025-11,1,1.0
Persistence,35,2025-11,0,0.0
Persistence,36,2025-11,0,0.0
Persistence,37,2025-11,0,0.0
Persistence,38,2025-11,0,0.0
Persistence,39,2025-11,0,0.0
Persistence,40,2025-11,1,1.0
Persistence,41,2025-11,0,0.0
Persistence,42,2025-11,0,0.0
Persistence,43,2025-11,0,0.0
Persistence,44,2025-11,1,1.0
Persistence,45,2025-11,0,0.0
Persistence,46,2025-11,0,0.0
Persistence,47,2025-11,0,0.0
Persistence,48,2025-11,0,0.0
Persistence,49,2025-11,0,0.0
Persistence,50,2025-11,0,0.0
Persistence,51,2025-11,0,0.0
Persistence,52,2025-11,0,0.0
Persistence,53,2025-11,0,0.0
Persistence,54,2025-11,0,0.0
Persistence,55,2025-11,1,0.0
Persistence,56,2025-11,0,0.0
Persistence,57,2025-11,1,1.0
Persistence,58,2025-11,0,0.0
Persistence,59,2025-11,0,0.0
Persistence,60,2025-11,0,0.0
Persistence,61,2025-11,0,0.0
Persistence,62,2025-11,0,0.0
Persistence,63,2025-11,0,0.0
Persistence,64,2025-11,0,0.0
Persistence,65,2025-11,0,0.0
Persistence,66,2025-11,0,0.0
Persistence,67,2025-11,0,0.0
Persistence,68,2025-11,0,0.0
Persistence,69,2025-11,0,0.0
Persistence,70,2025-11,0,0.0
Persistence,71,2025-11,0,0.0
Persistence,72,2025-11,0,0.0
Persistence,73,2025-11,0,0.0
Persistence,74,2025-11,0,0.0
Persistence,75,2025-11,0,0.0
Persistence,76,2025-11,0,0.0
Persistence,77,2025-11,0,0.0
Persistence,78,2025-11,0,0.0
Persistence,79,2025-11,0,0.0
Persistence,80,2025-11,0,0.0
Persistence,81,2025-11,0,0.0
Persistence,82,2025-11,0,0.0
Persistence,83,2025-11,0,0.0
Persistence,0,2025-12,0,0.0
Persistence,1,2025-12,0,0.0
Persistence,2,2025-12,0,0.0
Persistence,3,2025-12,0,0.0
Persistence,4,2025-12,0,0.0
Persistence,5,2025-12,0,0.0
Persistence,6,2025-12,0,0.0
Persistence,7,2025-12,0,0.0
Persistence,8,2025-12,0,0.0
Persistence,9,2025-12,1,0.0
Persistence,10,2025-12,0,0.0
Persistence,11,2025-12,0,0.0
Persistence,12,2025-12,0,0.0
Persistence,13,2025-12,0,0.0
Persistence,14,2025-12,0,0.0
Persistence,15,2025-12,0,0.0
Persistence,16,2025-12,0,0.0
Persistence,17,2025-12,0,0.0
Persistence,18,2025-12,0,0.0
Persistence,19,2025-12,1,0.0
Persistence,20,2025-12,1,1.0
Persistence,21,2025-12,0,0.0
Persistence,22,2025-12,1,1.0
Persistence,23,2025-12,0,0.0
Persistence,24,2025-12,0,0.0
Persistence,25,2025-12,0,0.0
Persistence,26,2025-12,0,0.0
Persistence,27,2025-12,1,1.0
Persistence,28,2025-12,0,0.0
Persistence,29,2025-12,1,1.0
Persistence,30,2025-12,1,1.0
Persistence,31,2025-12,1,1.0
Persistence,32,2025-12,0,0.0
Persistence,33,2025-12,0,0.0
Persistence,34,2025-12,1,1.0
Persistence,35,2025-12,0,0.0
Persistence,36,2025-12,0,0.0
Persistence,37,2025-12,0,0.0
Persistence,38,2025-12,0,0.0
Persistence,39,2025-12,0,0.0
Persistence,40,2025-12,0,1.0
Persistence,41,2025-12,0,0.0
Persistence,42,2025-12,0,0.0
Persistence,43,2025-12,0,0.0
Persistence,44,2025-12,0,1.0
Persistence,45,2025-12,0,0.0
Persistence,46,2025-12,0,0.0
Persistence,47,2025-12,0,0.0
Persistence,48,2025-12,0,0.0
Persistence,49,2025-12,0,0.0
Persistence,50,2025-12,0,0.0
Persistence,51,2025-12,0,0.0
Persistence,52,2025-12,0,0.0
Persistence,53,2025-12,0,0.0
Persistence,54,2025-12,0,0.0
Persistence,55,2025-12,1,1.0
Persistence,56,2025-12,0,0.0
Persistence,57,2025-12,1,1.0
Persistence,58,2025-12,0,0.0
Persistence,59,2025-12,0,0.0
Persistence,60,2025-12,0,0.0
Persistence,61,2025-12,0,0.0
Persistence,62,2025-12,0,0.0
Persistence,63,2025-12,0,0.0
Persistence,64,2025-12,0,0.0
Persistence,65,2025-12,0,0.0
Persistence,66,2025-12,0,0.0
Persistence,67,2025-12,0,0.0
Persistence,68,2025-12,0,0.0
Persistence,69,2025-12,0,0.0
Persistence,70,2025-12,0,0.0
Persistence,71,2025-12,0,0.0
Persistence,72,2025-12,0,0.0
Persistence,73,2025-12,0,0.0
Persistence,74,2025-12,0,0.0
Persistence,75,2025-12,0,0.0
Persistence,76,2025-12,0,0.0
Persistence,77,2025-12,0,0.0
Persistence,78,2025-12,0,0.0
Persistence,79,2025-12,0,0.0
Persistence,80,2025-12,0,0.0
Persistence,81,2025-12,0,0.0
Persistence,82,2025-12,0,0.0
Persistence,83,2025-12,0,0.0
Persistence,0,2026-01,0,0.0
Persistence,1,2026-01,0,0.0
Persistence,2,2026-01,0,0.0
Persistence,3,2026-01,0,0.0
Persistence,4,2026-01,0,0.0
Persistence,5,2026-01,0,0.0
Persistence,6,2026-01,0,0.0
Persistence,7,2026-01,0,0.0
Persistence,8,2026-01,0,0.0
Persistence,9,2026-01,1,1.0
Persistence,10,2026-01,0,0.0
Persistence,11,2026-01,0,0.0
Persistence,12,2026-01,0,0.0
Persistence,13,2026-01,0,0.0
Persistence,14,2026-01,0,0.0
Persistence,15,2026-01,0,0.0
Persistence,16,2026-01,0,0.0
Persistence,17,2026-01,0,0.0
Persistence,18,2026-01,0,0.0
Persistence,19,2026-01,0,1.0
Persistence,20,2026-01,1,1.0
Persistence,21,2026-01,1,0.0
Persistence,22,2026-01,0,1.0
Persistence,23,2026-01,0,0.0
Persistence,24,2026-01,0,0.0
Persistence,25,2026-01,0,0.0
Persistence,26,2026-01,0,0.0
Persistence,27,2026-01,1,1.0
Persistence,28,2026-01,0,0.0
Persistence,29,2026-01,1,1.0
Persistence,30,2026-01,1,1.0
Persistence,31,2026-01,0,1.0
Persistence,32,2026-01,1,0.0
Persistence,33,2026-01,0,0.0
Persistence,34,2026-01,1,1.0
Persistence,35,2026-01,0,0.0
Persistence,36,2026-01,0,0.0
Persistence,37,2026-01,0,0.0
Persistence,38,2026-01,0,0.0
Persistence,39,2026-01,0,0.0
Persistence,40,2026-01,1,0.0
Persistence,41,2026-01,0,0.0
Persistence,42,2026-01,0,0.0
Persistence,43,2026-01,0,0.0
Persistence,44,2026-01,1,0.0
Persistence,45,2026-01,0,0.0
Persistence,46,2026-01,0,0.0
Persistence,47,2026-01,0,0.0
Persistence,48,2026-01,0,0.0
Persistence,49,2026-01,0,0.0
Persistence,50,2026-01,0,0.0
Persistence,51,2026-01,1,0.0
Persistence,52,2026-01,0,0.0
Persistence,53,2026-01,0,0.0
Persistence,54,2026-01,0,0.0
Persistence,55,2026-01,0,1.0
Persistence,56,2026-01,0,0.0
Persistence,57,2026-01,1,1.0
Persistence,58,2026-01,0,0.0
Persistence,59,2026-01,0,0.0
Persistence,60,2026-01,0,0.0
Persistence,61,2026-01,0,0.0
Persistence,62,2026-01,0,0.0
Persistence,63,2026-01,0,0.0
Persistence,64,2026-01,0,0.0
Persistence,65,2026-01,0,0.0
Persistence,66,2026-01,0,0.0
Persistence,67,2026-01,0,0.0
Persistence,68,2026-01,0,0.0
Persistence,69,2026-01,0,0.0
Persistence,70,2026-01,0,0.0
Persistence,71,2026-01,0,0.0
Persistence,72,2026-01,0,0.0
Persistence,73,2026-01,0,0.0
Persistence,74,2026-01,0,0.0
Persistence,75,2026-01,0,0.0
Persistence,76,2026-01,0,0.0
Persistence,77,2026-01,0,0.0
Persistence,78,2026-01,0,0.0
Persistence,79,2026-01,0,0.0
Persistence,80,2026-01,0,0.0
Persistence,81,2026-01,0,0.0
Persistence,82,2026-01,0,0.0
Persistence,83,2026-01,0,0.0
LogisticRegression,0,2025-07,0,0.07113001915002316
LogisticRegression,1,2025-07,0,0.057763310786660534
LogisticRegression,2,2025-07,0,0.03831654590883895
LogisticRegression,3,2025-07,0,0.05686072667936982
LogisticRegression,4,2025-07,0,0.05870792555684693
LogisticRegression,5,2025-07,0,0.05181072479617639
LogisticRegression,6,2025-07,0,0.615019028662826
LogisticRegression,7,2025-07,0,0.034931048923554274
LogisticRegression,8,2025-07,0,0.14641088561287294
LogisticRegression,9,2025-07,0,0.8466055192410488
LogisticRegression,10,2025-07,0,0.039222705681294275
LogisticRegression,11,2025-07,0,0.027134518651509103
LogisticRegression,12,2025-07,0,0.03840866358861671
LogisticRegression,13,2025-07,0,0.1221198939354474
LogisticRegression,14,2025-07,0,0.1902603959410045
LogisticRegression,15,2025-07,0,0.1140290569902176
LogisticRegression,16,2025-07,0,0.04725959379211923
LogisticRegression,17,2025-07,0,0.13441744171511807
LogisticRegression,18,2025-07,0,0.3994314912866358
LogisticRegression,19,2025-07,0,0.10553318765415545
LogisticRegression,20,2025-07,1,0.9992749697353788
LogisticRegression,21,2025-07,0,0.31330734538889715
LogisticRegression,22,2025-07,1,0.9899680588380746
LogisticRegression,23,2025-07,0,0.06906305367002415
LogisticRegression,24,2025-07,0,0.03161259259897411
LogisticRegression,25,2025-07,0,0.25425888433174293
LogisticRegression,26,2025-07,0,0.11675058777803962
LogisticRegression,27,2025-07,1,0.9965250428275169
LogisticRegression,28,2025-07,0,0.07048527534392318
LogisticRegression,29,2025-07,1,0.9998048873030138
LogisticRegression,30,2025-07,1,0.9919109622341651
LogisticRegression,31,2025-07,0,0.5754515178243307
LogisticRegression,32,2025-07,1,0.9044526163059964
LogisticRegression,33,2025-07,0,0.05980328988752178
LogisticRegression,34,2025-07,1,0.9813022178294979
LogisticRegression,35,2025-07,0,0.15706256584126999
LogisticRegression,36,2025-07,0,0.037408792357139044
LogisticRegression,37,2025-07,0,0.08229511247394787
LogisticRegression,38,2025-07,0,0.034898626906213405
LogisticRegression,39,2025-07,0,0.16423538113630226
LogisticRegression,40,2025-07,0,0.9591889535842655
LogisticRegression,41,2025-07,0,0.06510994107639963
LogisticRegression,42,2025-07,0,0.06764763562147848
LogisticRegression,43,2025-07,0,0.1143132692824302
LogisticRegression,44,2025-07,0,0.9572098457751297
LogisticRegression,45,2025-07,0,0.19141259720342538
LogisticRegression,46,2025-07,0,0.15428768137728846
LogisticRegression,47,2025-07,0,0.035205359863283166
LogisticRegression,48,2025-07,0,0.08920564218958175
LogisticRegression,49,2025-07,0,0.09320780725485993
LogisticRegression,50,2025-07,0,0.0686035785227387
LogisticRegression,51,2025-07,0,0.6248102643544712
LogisticRegression,52,2025-07,0,0.19281016266087786
LogisticRegression,53,2025-07,0,0.044300203833333114
LogisticRegression,54,2025-07,1,0.8288211841594596
LogisticRegression,55,2025-07,1,0.9964315023081887
LogisticRegression,56,2025-07,0,0.025447778235545022
LogisticRegression,57,2025-07,1,0.9999999815561461
LogisticRegression,58,2025-07,0,0.0745713924912995
LogisticRegression,59,2025-07,0,0.026395957718825802
LogisticRegression,60,2025-07,0,0.028451169921262717
LogisticRegression,61,2025-07,0,0.028622341460096953
LogisticRegression,62,2025-07,0,0.024956351117619232
LogisticRegression,63,2025-07,0,0.03580324957751874
LogisticRegression,64,2025-07,0,0.1517136128340744
LogisticRegression,65,2025-07,0,0.35709776264785764
LogisticRegression,66,2025-07,0,0.3430926994706241
LogisticRegression,67,2025-07,0,0.028317564050629216
LogisticRegression,68,2025-07,0,0.03823128939626257
LogisticRegression,69,2025-07,0,0.031204909061539082
LogisticRegression,70,2025-07,0,0.03121431343586157
LogisticRegression,71,2025-07,0,0.029515025776642386
LogisticRegression,72,2025-07,0,0.018829434425724857
LogisticRegression,73,2025-07,0,0.01487244995761229
LogisticRegression,74,2025-07,0,0.02557368028743968
LogisticRegression,75,2025-07,0,0.030585279917392825
LogisticRegression,76,2025-07,0,0.04551214925642658
LogisticRegression,77,2025-07,0,0.07523629464228124
LogisticRegression,78,2025-07,0,0.030032876613810426
LogisticRegression,79,2025-07,0,0.03207692285062332
LogisticRegression,80,2025-07,0,0.02608391175176737
LogisticRegression,81,2025-07,0,0.034862470228706526
LogisticRegression,82,2025-07,0,0.024172108652577986
LogisticRegression,83,2025-07,0,0.05379460334391783
LogisticRegression,0,2025-08,0,0.05161569303983589
LogisticRegression,1,2025-08,0,0.04643032611589817
LogisticRegression,2,2025-08,0,0.028739060677238186
LogisticRegression,3,2025-08,0,0.04141446590753196
LogisticRegression,4,2025-08,0,0.043996055152557084
LogisticRegression,5,2025-08,0,0.03719246581150247
LogisticRegression,6,2025-08,1,0.550783967187329
LogisticRegression,7,2025-08,0,0.025354344795412955
LogisticRegression,8,2025-08,0,0.15522455233588434
LogisticRegression,9,2025-08,0,0.7876097224867179
LogisticRegression,10,2025-08,0,0.027386598199382817
LogisticRegression,11,2025-08,0,0.022040508262427594
LogisticRegression,12,2025-08,0,0.028890721106406753
LogisticRegression,13,2025-08,0,0.07161278711904985
LogisticRegression,14,2025-08,0,0.12207796426567757
LogisticRegression,15,2025-08,0,0.08033959125369929
LogisticRegression,16,2025-08,0,0.03350411412522492
LogisticRegression,17,2025-08,0,0.06125435424507369
LogisticRegression,18,2025-08,1,0.275608051214984
LogisticRegression,19,2025-08,0,0.11517339195138766
LogisticRegression,20,2025-08,1,0.9999052521467344
LogisticRegression,21,2025-08,0,0.3438675933206462
LogisticRegression,22,2025-08,0,0.9923637127522706
LogisticRegression,23,2025-08,0,0.05173901729146754
LogisticRegression,24,2025-08,0,0.025082296137451086
LogisticRegression,25,2025-08,0,0.18110445309782805
LogisticRegression,26,2025-08,0,0.11572048359754929
LogisticRegression,27,2025-08,1,0.9963841783556661
LogisticRegression,28,2025-08,0,0.035599016140057685
LogisticRegression,29,2025-08,1,0.9998878865827021
LogisticRegression,30,2025-08,0,0.9798815202656348
LogisticRegression,31,2025-08,0,0.549494804862231
LogisticRegression,32,2025-08,0,0.9249425980004969
LogisticRegression,33,2025-08,0,0.06600963823139445
LogisticRegression,34,2025-08,1,0.9943786033559986
LogisticRegression,35,2025-08,0,0.18744870075365672
LogisticRegression,36,2025-08,0,0.02594738838839881
LogisticRegression,37,2025-08,0,0.10428708830719195
LogisticRegression,38,2025-08,0,0.02438356538809841
LogisticRegression,39,2025-08,0,0.09796098216016136
LogisticRegression,40,2025-08,0,0.8639181007107445
LogisticRegression,41,2025-08,0,0.0545802027207504
LogisticRegression,42,2025-08,0,0.03732794681541732
LogisticRegression,43,2025-08,0,0.04193289522128727
LogisticRegression,44,2025-08,1,0.860000098300873
LogisticRegression,45,2025-08,0,0.15729491587525646
LogisticRegression,46,2025-08,0,0.1348935195687951
LogisticRegression,47,2025-08,0,0.026778921231289592
LogisticRegression,48,2025-08,0,0.1582572987624637
LogisticRegression,49,2025-08,0,0.07952657835414131
LogisticRegression,50,2025-08,0,0.03390638237515584
LogisticRegression,51,2025-08,1,0.450501488021503
LogisticRegression,52,2025-08,0,0.14685827271398713
LogisticRegression,53,2025-08,0,0.03858383091058508
LogisticRegression,54,2025-08,1,0.9644969529935468
LogisticRegression,55,2025-08,1,0.9979564047461436
LogisticRegression,56,2025-08,0,0.017175672862532177
LogisticRegression,57,2025-08,1,0.9999999997266054
LogisticRegression,58,2025-08,0,0.06417425058730684
LogisticRegression,59,2025-08,0,0.02242810840766999
LogisticRegression,60,2025-08,0,0.022380077411699367
LogisticRegression,61,2025-08,0,0.028961537306283775
LogisticRegression,62,2025-08,0,0.019687552101789615
LogisticRegression,63,2025-08,0,0.023230533821846713
LogisticRegression,64,2025-08,0,0.12132480782658263
LogisticRegression,65,2025-08,0,0.49117544658594975
LogisticRegression,66,2025-08,0,0.2862633331382933
LogisticRegression,67,2025-08,0,0.019973054640509844
LogisticRegression,68,2025-08,0,0.026882557221088146
LogisticRegression,69,2025-08,0,0.02973546496576414
LogisticRegression,70,2025-08,0,0.02438539713290796
LogisticRegression,71,2025-08,0,0.026349004504701054
LogisticRegression,72,2025-08,0,0.01774452991340965
LogisticRegression,73,2025-08,0,0.014414903929319786
LogisticRegression,74,2025-08,0,0.02166346184021208
LogisticRegression,75,2025-08,0,0.026540877652425136
LogisticRegression,76,2025-08,0,0.043414476806751014
LogisticRegression,77,2025-08,0,0.09354294238277405
LogisticRegression,78,2025-08,0,0.025014612317086644
LogisticRegression,79,2025-08,0,0.025564129331329358
LogisticRegression,80,2025-08,0,0.02280600806066302
LogisticRegression,81,2025-08,0,0.027815271007582156
LogisticRegression,82,2025-08,0,0.020078613639002183
LogisticRegression,83,2025-08,0,0.04047497404943111
LogisticRegression,0,2025-09,0,0.05713302860032631
LogisticRegression,1,2025-09,0,0.036910783710287595
LogisticRegression,2,2025-09,0,0.036083913233127825
LogisticRegression,3,2025-09,0,0.04210821763774341
LogisticRegression,4,2025-09,0,0.04623609414219924
LogisticRegression,5,2025-09,0,0.034269918291706024
LogisticRegression,6,2025-09,1,0.9803542278502724
LogisticRegression,7,2025-09,0,0.021673343898663454
LogisticRegression,8,2025-09,0,0.19516202260853593
LogisticRegression,9,2025-09,0,0.759536137948733
LogisticRegression,10,2025-09,0,0.034293251043809835
LogisticRegression,11,2025-09,0,0.023862141287086403
LogisticRegression,12,2025-09,0,0.029613075284466866
LogisticRegression,13,2025-09,0,0.12151439107064223
LogisticRegression,14,2025-09,1,0.185332306659752
LogisticRegression,15,2025-09,0,0.09734377971445024
LogisticRegression,16,2025-09,0,0.03130263344779224
LogisticRegression,17,2025-09,0,0.1155383861761606
LogisticRegression,18,2025-09,1,0.49005930915502083
LogisticRegression,19,2025-09,0,0.12541166827076589
LogisticRegression,20,2025-09,1,0.9999777922535468
LogisticRegression,21,2025-09,0,0.28757043458042425
LogisticRegression,22,2025-09,0,0.9790822206814187
LogisticRegression,23,2025-09,0,0.05947271115849983
LogisticRegression,24,2025-09,0,0.02864523946608166
LogisticRegression,25,2025-09,0,0.22722573580207725
LogisticRegression,26,2025-09,0,0.1768456308471667
LogisticRegression,27,2025-09,1,0.9988856024484826
LogisticRegression,28,2025-09,0,0.04469747804765153
LogisticRegression,29,2025-09,1,0.9999191803635321
LogisticRegression,30,2025-09,1,0.9532484593195386
LogisticRegression,31,2025-09,1,0.3313000263112341
LogisticRegression,32,2025-09,0,0.7989295849883685
LogisticRegression,33,2025-09,0,0.10220888297690237
LogisticRegression,34,2025-09,1,0.9651910421943299
LogisticRegression,35,2025-09,0,0.19810414093894432
LogisticRegression,36,2025-09,0,0.039672469622269516
LogisticRegression,37,2025-09,0,0.07003499125176091
LogisticRegression,38,2025-09,0,0.023028293003887923
LogisticRegression,39,2025-09,0,0.08954828957394877
LogisticRegression,40,2025-09,0,0.7319087954740298
LogisticRegression,41,2025-09,0,0.06374879603087379
LogisticRegression,42,2025-09,0,0.02882530458177432
LogisticRegression,43,2025-09,0,0.05007586749172104
LogisticRegression,44,2025-09,1,0.9676584091453995
LogisticRegression,45,2025-09,0,0.10184603210841307
LogisticRegression,46,2025-09,0,0.14576606837674444
LogisticRegression,47,2025-09,0,0.02059518949979347
LogisticRegression,48,2025-09,0,0.11116477260371112
LogisticRegression,49,2025-09,0,0.07460521761784308
LogisticRegression,50,2025-09,0,0.09881298654356901
LogisticRegression,51,2025-09,0,0.8199603148983415
LogisticRegression,52,2025-09,0,0.1161274769457434
LogisticRegression,53,2025-09,0,0.03793097912471271
LogisticRegression,54,2025-09,1,0.981485734736072
LogisticRegression,55,2025-09,1,0.993829274362014
LogisticRegression,56,2025-09,0,0.00478922608038481
LogisticRegression,57,2025-09,1,0.9999999998709597
LogisticRegression,58,2025-09,0,0.03513366140319786
LogisticRegression,59,2025-09,0,0.015807595028391224
LogisticRegression,60,2025-09,0,0.020903442784996517
LogisticRegression,61,2025-09,0,0.018175209823302636
LogisticRegression,62,2025-09,0,0.019250131233643154
LogisticRegression,63,2025-09,0,0.04035862283480729
LogisticRegression,64,2025-09,0,0.10252406529428397
LogisticRegression,65,2025-09,0,0.2221388223291035
LogisticRegression,66,2025-09,0,0.18500844842209638
LogisticRegression,67,2025-09,0,0.020261301013131627
LogisticRegression,68,2025-09,0,0.02166053459143629
LogisticRegression,69,2025-09,0,0.035253505470601645
LogisticRegression,70,2025-09,0,0.015367365183668293
LogisticRegression,71,2025-09,0,0.027910922343198048
LogisticRegression,72,2025-09,0,0.019726674900964268
LogisticRegression,73,2025-09,0,0.016106647481971114
LogisticRegression,74,2025-09,0,0.020174836026981575
LogisticRegression,75,2025-09,0,0.022067366289070012
LogisticRegression,76,2025-09,0,0.047048865818358605
LogisticRegression,77,2025-09,0,0.1264208135356534
LogisticRegression,78,2025-09,0,0.02557263840562768
LogisticRegression,79,2025-09,0,0.03498058297496732
LogisticRegression,80,2025-09,0,0.02797034677539596
LogisticRegression,81,2025-09,0,0.028626738945011516
LogisticRegression,82,2025-09,0,0.02186901848601869
LogisticRegression,83,2025-09,0,0.046599674040447465
LogisticRegression,0,2025-10,0,0.035403278704755695
LogisticRegression,1,2025-10,0,0.027022228153776934
LogisticRegression,2,2025-10,0,0.028089467477756282
LogisticRegression,3,2025-10,0,0.03524904755457315
LogisticRegression,4,2025-10,0,0.03507834029696307
LogisticRegression,5,2025-10,0,0.027029733128342774
LogisticRegression,6,2025-10,1,0.9547838745199153
LogisticRegression,7,2025-10,0,0.02702528014149687
LogisticRegression,8,2025-10,0,0.20402241508972385
LogisticRegression,9,2025-10,0,0.6566123702527201
LogisticRegression,10,2025-10,0,0.03604530185101818
LogisticRegression,11,2025-10,0,0.0180858456629161
LogisticRegression,12,2025-10,0,0.02497315136154742
LogisticRegression,13,2025-10,0,0.06459607107561843
LogisticRegression,14,2025-10,0,0.43870465367441475
LogisticRegression,15,2025-10,0,0.11771138819965553
LogisticRegression,16,2025-10,0,0.04226900046340337
LogisticRegression,17,2025-10,0,0.0790210368104392
LogisticRegression,18,2025-10,0,0.7383800470190833
LogisticRegression,19,2025-10,0,0.19164868882934244
LogisticRegression,20,2025-10,1,0.9999693140816499
LogisticRegression,21,2025-10,0,0.18255871526469084
LogisticRegression,22,2025-10,1,0.8220314828650052
LogisticRegression,23,2025-10,0,0.0598657361463052
LogisticRegression,24,2025-10,0,0.021161833904289887
LogisticRegression,25,2025-10,0,0.10293850408022685
LogisticRegression,26,2025-10,0,0.30936503138649285
LogisticRegression,27,2025-10,1,0.9990852534339051
LogisticRegression,28,2025-10,0,0.05287486132494819
LogisticRegression,29,2025-10,1,0.9997733473583597
LogisticRegression,30,2025-10,1,0.9693093514917204
LogisticRegression,31,2025-10,0,0.7285336243874015
LogisticRegression,32,2025-10,1,0.515898058208588
LogisticRegression,33,2025-10,0,0.1305160752761237
LogisticRegression,34,2025-10,1,0.9663475276172943
LogisticRegression,35,2025-10,0,0.1723929633226961
LogisticRegression,36,2025-10,0,0.018055715755957824
LogisticRegression,37,2025-10,0,0.03550059296557881
LogisticRegression,38,2025-10,0,0.021224555006540174
LogisticRegression,39,2025-10,0,0.10135570138743946
LogisticRegression,40,2025-10,1,0.6502369692714948
LogisticRegression,41,2025-10,0,0.08268093132318062
LogisticRegression,42,2025-10,0,0.03810518787238978
LogisticRegression,43,2025-10,0,0.05476183461616748
LogisticRegression,44,2025-10,1,0.9365964514669255
LogisticRegression,45,2025-10,0,0.046817690112129225
LogisticRegression,46,2025-10,0,0.13159839202681997
LogisticRegression,47,2025-10,0,0.017583535855986685
LogisticRegression,48,2025-10,0,0.07033416085028628
LogisticRegression,49,2025-10,0,0.06033804516349611
LogisticRegression,50,2025-10,0,0.13206055068703065
LogisticRegression,51,2025-10,0,0.6806576321421399
LogisticRegression,52,2025-10,0,0.12303307352143819
LogisticRegression,53,2025-10,0,0.03944079364988189
LogisticRegression,54,2025-10,0,0.9886589822005769
LogisticRegression,55,2025-10,0,0.995897356379061
LogisticRegression,56,2025-10,0,0.0072086408340133286
LogisticRegression,57,2025-10,1,0.9999999994691724
LogisticRegression,58,2025-10,0,0.02058819264100546
LogisticRegression,59,2025-10,0,0.009489467487203843
LogisticRegression,60,2025-10,0,0.019259032565968674
LogisticRegression,61,2025-10,0,0.018771750697622287
LogisticRegression,62,2025-10,0,0.02164811978776405
LogisticRegression,63,2025-10,0,0.028411915308902753
LogisticRegression,64,2025-10,0,0.08654222405280236
LogisticRegression,65,2025-10,0,0.1482357562944689
LogisticRegression,66,2025-10,0,0.18688648850644413
LogisticRegression,67,2025-10,0,0.02460767653399193
LogisticRegression,68,2025-10,0,0.02056647701455589
LogisticRegression,69,2025-10,0,0.034434941228390116
LogisticRegression,70,2025-10,0,0.013163001888447073
LogisticRegression,71,2025-10,0,0.020237866158441756
LogisticRegression,72,2025-10,0,0.019146232168654062
LogisticRegression,73,2025-10,0,0.012736718818487175
LogisticRegression,74,2025-10,0,0.01608939236298267
LogisticRegression,75,2025-10,0,0.01776205320163706
LogisticRegression,76,2025-10,0,0.13586439366750264
LogisticRegression,77,2025-10,0,0.14867498048560857
LogisticRegression,78,2025-10,0,0.0244867654157408
LogisticRegression,79,2025-10,0,0.025131489082791537
LogisticRegression,80,2025-10,0,0.019143299218689364
LogisticRegression,81,2025-10,0,0.020313039434737126
LogisticRegression,82,2025-10,0,0.016152476402111177
LogisticRegression,83,2025-10,0,0.03319871489060727
LogisticRegression,0,2025-11,0,0.04681908540466248
LogisticRegression,1,2025-11,0,0.0326456675570722
LogisticRegression,2,2025-11,0,0.03067934337367048
LogisticRegression,3,2025-11,0,0.04161164963469985
LogisticRegression,4,2025-11,0,0.040632689105099005
LogisticRegression,5,2025-11,0,0.03414120632546201
LogisticRegression,6,2025-11,0,0.9926837466045135
LogisticRegression,7,2025-11,0,0.02998078667807813
LogisticRegression,8,2025-11,0,0.15850750816824447
LogisticRegression,9,2025-11,0,0.5100684642681117
LogisticRegression,10,2025-11,0,0.04870794928683162
LogisticRegression,11,2025-11,0,0.018116551598006743
LogisticRegression,12,2025-11,0,0.027414516428492245
LogisticRegression,13,2025-11,0,0.08324749392938662
LogisticRegression,14,2025-11,0,0.26910587966651567
LogisticRegression,15,2025-11,0,0.09084696980402607
LogisticRegression,16,2025-11,0,0.0516586284084692
LogisticRegression,17,2025-11,0,0.10759740999913964
LogisticRegression,18,2025-11,0,0.7886611558362785
LogisticRegression,19,2025-11,0,0.20519073311749272
LogisticRegression,20,2025-11,1,0.999957731181558
LogisticRegression,21,2025-11,0,0.12302022848886827
LogisticRegression,22,2025-11,1,0.8795821890142668
LogisticRegression,23,2025-11,0,0.05363683785471294
LogisticRegression,24,2025-11,0,0.022269759470874742
LogisticRegression,25,2025-11,0,0.12953307163164285
LogisticRegression,26,2025-11,0,0.31557161892377444
LogisticRegression,27,2025-11,1,0.99881702512501
LogisticRegression,28,2025-11,0,0.056976131059322505
LogisticRegression,29,2025-11,1,0.9999359412314993
LogisticRegression,30,2025-11,1,0.9905210146994105
LogisticRegression,31,2025-11,1,0.6718680691540799
LogisticRegression,32,2025-11,0,0.7733688550671999
LogisticRegression,33,2025-11,0,0.18550224477242092
LogisticRegression,34,2025-11,1,0.9712026942396744
LogisticRegression,35,2025-11,0,0.18555557784416957
LogisticRegression,36,2025-11,0,0.026181245280162795
LogisticRegression,37,2025-11,0,0.03140578850089628
LogisticRegression,38,2025-11,0,0.025812943482859563
LogisticRegression,39,2025-11,0,0.17072843520190814
LogisticRegression,40,2025-11,1,0.9211218973367232
LogisticRegression,41,2025-11,0,0.1323752061522886
LogisticRegression,42,2025-11,0,0.036906543014148634
LogisticRegression,43,2025-11,0,0.08397678112831723
LogisticRegression,44,2025-11,1,0.9742262440978282
LogisticRegression,45,2025-11,0,0.0951828852834599
LogisticRegression,46,2025-11,0,0.1172769782116656
LogisticRegression,47,2025-11,0,0.022212579561416847
LogisticRegression,48,2025-11,0,0.05872447829716654
LogisticRegression,49,2025-11,0,0.09252521373978417
LogisticRegression,50,2025-11,0,0.1774947421848346
LogisticRegression,51,2025-11,0,0.7305560335708131
LogisticRegression,52,2025-11,0,0.16283211555803814
LogisticRegression,53,2025-11,0,0.04596940793394268
LogisticRegression,54,2025-11,0,0.7809362622836961
LogisticRegression,55,2025-11,1,0.9752781708035526
LogisticRegression,56,2025-11,0,0.012399580523050025
LogisticRegression,57,2025-11,1,0.99999998079421
LogisticRegression,58,2025-11,0,0.020956255896948186
LogisticRegression,59,2025-11,0,0.012818867049505444
LogisticRegression,60,2025-11,0,0.02082968606694329
LogisticRegression,61,2025-11,0,0.017097522817093955
LogisticRegression,62,2025-11,0,0.02261406965069474
LogisticRegression,63,2025-11,0,0.03949412559543752
LogisticRegression,64,2025-11,0,0.17052462783540417
LogisticRegression,65,2025-11,0,0.09101502306228346
LogisticRegression,66,2025-11,0,0.2306584045377617
LogisticRegression,67,2025-11,0,0.026431566086479837
LogisticRegression,68,2025-11,0,0.022026906251830958
LogisticRegression,69,2025-11,0,0.047697741178290426
LogisticRegression,70,2025-11,0,0.015298146762123549
LogisticRegression,71,2025-11,0,0.021090015857150066
LogisticRegression,72,2025-11,0,0.01616712562737663
LogisticRegression,73,2025-11,0,0.010746371436123833
LogisticRegression,74,2025-11,0,0.01631940164800767
LogisticRegression,75,2025-11,0,0.019445690115743517
LogisticRegression,76,2025-11,0,0.10375914616432756
LogisticRegression,77,2025-11,0,0.18369141738318717
LogisticRegression,78,2025-11,0,0.02243170112512031
LogisticRegression,79,2025-11,0,0.02763364429111661
LogisticRegression,80,2025-11,0,0.018381998068575274
LogisticRegression,81,2025-11,0,0.021240306857924968
LogisticRegression,82,2025-11,0,0.018803107098080456
LogisticRegression,83,2025-11,0,0.038655689423110616
LogisticRegression,0,2025-12,0,0.0404343740072706
LogisticRegression,1,2025-12,0,0.029460551945722634
LogisticRegression,2,2025-12,0,0.029379791180665988
LogisticRegression,3,2025-12,0,0.03841213863171198
LogisticRegression,4,2025-12,0,0.03609818516870634
LogisticRegression,5,2025-12,0,0.028410291639145376
LogisticRegression,6,2025-12,0,0.8626592030223104
LogisticRegression,7,2025-12,0,0.026834030828273257
LogisticRegression,8,2025-12,0,0.14852504380220213
LogisticRegression,9,2025-12,1,0.3505282914538778
LogisticRegression,10,2025-12,0,0.04337156294893037
LogisticRegression,11,2025-12,0,0.017171310239863093
LogisticRegression,12,2025-12,0,0.025816435828401766
LogisticRegression,13,2025-12,0,0.06305159043972955
LogisticRegression,14,2025-12,0,0.2643482333065525
LogisticRegression,15,2025-12,0,0.08207904646726541
LogisticRegression,16,2025-12,0,0.04608448093010641
LogisticRegression,17,2025-12,0,0.05965991711952597
LogisticRegression,18,2025-12,0,0.6400207092595424
LogisticRegression,19,2025-12,1,0.1353033345890268
LogisticRegression,20,2025-12,1,0.9998095114144355
LogisticRegression,21,2025-12,0,0.06962052595053357
LogisticRegression,22,2025-12,1,0.9625032709500035
LogisticRegression,23,2025-12,0,0.0427043087497623
LogisticRegression,24,2025-12,0,0.020574589071644032
LogisticRegression,25,2025-12,0,0.06886061308624758
LogisticRegression,26,2025-12,0,0.31849388458433664
LogisticRegression,27,2025-12,1,0.9962869796292291
LogisticRegression,28,2025-12,0,0.04604249505075337
LogisticRegression,29,2025-12,1,0.999707956180006
LogisticRegression,30,2025-12,1,0.9945606857748762
LogisticRegression,31,2025-12,1,0.9028408111450053
LogisticRegression,32,2025-12,0,0.7556619109859988
LogisticRegression,33,2025-12,0,0.15641412335828467
LogisticRegression,34,2025-12,1,0.9855720801813036
LogisticRegression,35,2025-12,0,0.1577027039538381
LogisticRegression,36,2025-12,0,0.020351302868892102
LogisticRegression,37,2025-12,0,0.01928597603136128
LogisticRegression,38,2025-12,0,0.02212282244316792
LogisticRegression,39,2025-12,0,0.08855576872088217
LogisticRegression,40,2025-12,0,0.9409865530127894
LogisticRegression,41,2025-12,0,0.05229753879878067
LogisticRegression,42,2025-12,0,0.03087501049074069
LogisticRegression,43,2025-12,0,0.05142220258869786
LogisticRegression,44,2025-12,0,0.9691246666843427
LogisticRegression,45,2025-12,0,0.0549386328169621
LogisticRegression,46,2025-12,0,0.10473432439019445
LogisticRegression,47,2025-12,0,0.02096359731074346
LogisticRegression,48,2025-12,0,0.0604207388396877
LogisticRegression,49,2025-12,0,0.07135742647170573
LogisticRegression,50,2025-12,0,0.15319581387181483
LogisticRegression,51,2025-12,0,0.5228160425883817
LogisticRegression,52,2025-12,0,0.08504904420940146
LogisticRegression,53,2025-12,0,0.040328127343408605
LogisticRegression,54,2025-12,0,0.5894453599593477
LogisticRegression,55,2025-12,1,0.9864225504974772
LogisticRegression,56,2025-12,0,0.014738677405883832
LogisticRegression,57,2025-12,1,0.9999999577668086
LogisticRegression,58,2025-12,0,0.017790522370388556
LogisticRegression,59,2025-12,0,0.012327655782720227
LogisticRegression,60,2025-12,0,0.020349940007273148
LogisticRegression,61,2025-12,0,0.017135419513125666
LogisticRegression,62,2025-12,0,0.023174713140980654
LogisticRegression,63,2025-12,0,0.02405733408165196
LogisticRegression,64,2025-12,0,0.07133883769031636
LogisticRegression,65,2025-12,0,0.15217229322091563
LogisticRegression,66,2025-12,0,0.26496973277049457
LogisticRegression,67,2025-12,0,0.029263838178753852
LogisticRegression,68,2025-12,0,0.021047706347856444
LogisticRegression,69,2025-12,0,0.041234595805317395
LogisticRegression,70,2025-12,0,0.014768370532042375
LogisticRegression,71,2025-12,0,0.020850763033795173
LogisticRegression,72,2025-12,0,0.017245618632947993
LogisticRegression,73,2025-12,0,0.010909054169579685
LogisticRegression,74,2025-12,0,0.015319955510033944
LogisticRegression,75,2025-12,0,0.01773144847478617
LogisticRegression,76,2025-12,0,0.07739144340164657
LogisticRegression,77,2025-12,0,0.0811380166345827
LogisticRegression,78,2025-12,0,0.02111025601275001
LogisticRegression,79,2025-12,0,0.02666468046281418
LogisticRegression,80,2025-12,0,0.017003946456733993
LogisticRegression,81,2025-12,0,0.019590113478273097
LogisticRegression,82,2025-12,0,0.019201055334912905
LogisticRegression,83,2025-12,0,0.03457672039005174
LogisticRegression,0,2026-01,0,0.02880694748569224
LogisticRegression,1,2026-01,0,0.016654981899315694
LogisticRegression,2,2026-01,0,0.029143979297262573
LogisticRegression,3,2026-01,0,0.028397156879203213
LogisticRegression,4,2026-01,0,0.02419084923210958
LogisticRegression,5,2026-01,0,0.024547643975495293
LogisticRegression,6,2026-01,0,0.7274891762198286
LogisticRegression,7,2026-01,0,0.027445393121177924
LogisticRegression,8,2026-01,0,0.15014068517759724
LogisticRegression,9,2026-01,1,0.6624067898550684
LogisticRegression,10,2026-01,0,0.046130329155763136
LogisticRegression,11,2026-01,0,0.017834064092632617
LogisticRegression,12,2026-01,0,0.02463834665539037
LogisticRegression,13,2026-01,0,0.046530187726633275
LogisticRegression,14,2026-01,0,0.15168160378093937
LogisticRegression,15,2026-01,0,0.09092072701321516
LogisticRegression,16,2026-01,0,0.044430436062202726
LogisticRegression,17,2026-01,0,0.08138612464145796
LogisticRegression,18,2026-01,0,0.7118063655792897
LogisticRegression,19,2026-01,0,0.6664837663178308
LogisticRegression,20,2026-01,1,0.9999615093430176
LogisticRegression,21,2026-01,1,0.17690051992073627
LogisticRegression,22,2026-01,0,0.9771641774937758
LogisticRegression,23,2026-01,0,0.0477020719361548
LogisticRegression,24,2026-01,0,0.020288727285392945
LogisticRegression,25,2026-01,0,0.0877700369130105
LogisticRegression,26,2026-01,0,0.27924993990500446
LogisticRegression,27,2026-01,1,0.9950807774200658
LogisticRegression,28,2026-01,0,0.05532851329265881
LogisticRegression,29,2026-01,1,0.9997944411574656
LogisticRegression,30,2026-01,1,0.9975529164856619
LogisticRegression,31,2026-01,0,0.9753167461167255
LogisticRegression,32,2026-01,1,0.8191171788473307
LogisticRegression,33,2026-01,0,0.19393597582704578
LogisticRegression,34,2026-01,1,0.9991454858769641
LogisticRegression,35,2026-01,0,0.10998561525568346
LogisticRegression,36,2026-01,0,0.029293891650347723
LogisticRegression,37,2026-01,0,0.020409110338221688
LogisticRegression,38,2026-01,0,0.02397653981427328
LogisticRegression,39,2026-01,0,0.08449348874482666
LogisticRegression,40,2026-01,1,0.9651846727181125
LogisticRegression,41,2026-01,0,0.08510119566403013
LogisticRegression,42,2026-01,0,0.03426566268277075
LogisticRegression,43,2026-01,0,0.05472072594721914
LogisticRegression,44,2026-01,1,0.966722314419989
LogisticRegression,45,2026-01,0,0.11686418415960131
LogisticRegression,46,2026-01,0,0.08167277431358809
LogisticRegression,47,2026-01,0,0.02156971882006067
LogisticRegression,48,2026-01,0,0.057975918686505264
LogisticRegression,49,2026-01,0,0.06117558596629004
LogisticRegression,50,2026-01,0,0.18989839318250248
LogisticRegression,51,2026-01,1,0.4378013252142476
LogisticRegression,52,2026-01,0,0.2676649723618739
LogisticRegression,53,2026-01,0,0.04366862956219044
LogisticRegression,54,2026-01,0,0.5512765207754132
LogisticRegression,55,2026-01,0,0.990756401702519
LogisticRegression,56,2026-01,0,0.02104593494824543
LogisticRegression,57,2026-01,1,0.9999999866695599
LogisticRegression,58,2026-01,0,0.01806320104630299
LogisticRegression,59,2026-01,0,0.01482547064248608
LogisticRegression,60,2026-01,0,0.022353018451266627
LogisticRegression,61,2026-01,0,0.007723831592046774
LogisticRegression,62,2026-01,0,0.025960560043320025
LogisticRegression,63,2026-01,0,0.02585805532416293
LogisticRegression,64,2026-01,0,0.09699951432246447
LogisticRegression,65,2026-01,0,0.1410346592140323
LogisticRegression,66,2026-01,0,0.17848929324518212
LogisticRegression,67,2026-01,0,0.040128804940152994
LogisticRegression,68,2026-01,0,0.019992341735437846
LogisticRegression,69,2026-01,0,0.066597150272357
LogisticRegression,70,2026-01,0,0.013711609470150416
LogisticRegression,71,2026-01,0,0.017245242352462404
LogisticRegression,72,2026-01,0,0.016401954275211506
LogisticRegression,73,2026-01,0,0.01321025379695155
LogisticRegression,74,2026-01,0,0.016643485666216012
LogisticRegression,75,2026-01,0,0.01500297661337001
LogisticRegression,76,2026-01,0,0.04482140975094746
LogisticRegression,77,2026-01,0,0.06482452529762975
LogisticRegression,78,2026-01,0,0.01676045255365063
LogisticRegression,79,2026-01,0,0.02816092382368768
LogisticRegression,80,2026-01,0,0.017197149406445216
LogisticRegression,81,2026-01,0,0.018941482835602565
LogisticRegression,82,2026-01,0,0.025379286126458567
LogisticRegression,83,2026-01,0,0.027423482431478786
RandomForest,0,2025-07,0,0.0
RandomForest,1,2025-07,0,0.0
RandomForest,2,2025-07,0,0.0
RandomForest,3,2025-07,0,0.0
RandomForest,4,2025-07,0,0.0
RandomForest,5,2025-07,0,0.013333333333333334
RandomForest,6,2025-07,0,0.12
RandomForest,7,2025-07,0,0.0
RandomForest,8,2025-07,0,0.006666666666666667
RandomForest,9,2025-07,0,0.54
RandomForest,10,2025-07,0,0.0
RandomForest,11,2025-07,0,0.0
RandomForest,12,2025-07,0,0.0
RandomForest,13,2025-07,0,0.09666666666666666
RandomForest,14,2025-07,0,0.03
RandomForest,15,2025-07,0,0.05
RandomForest,16,2025-07,0,0.0
RandomForest,17,2025-07,0,0.0
RandomForest,18,2025-07,0,0.08333333333333333
RandomForest,19,2025-07,0,0.013333333333333334
RandomForest,20,2025-07,1,0.9566666666666667
RandomForest,21,2025-07,0,0.07333333333333333
RandomForest,22,2025-07,1,0.9933333333333333
RandomForest,23,2025-07,0,0.0
RandomForest,24,2025-07,0,0.0
RandomForest,25,2025-07,0,0.11666666666666667
RandomForest,26,2025-07,0,0.0
RandomForest,27,2025-07,1,0.9833333333333333
RandomForest,28,2025-07,0,0.0
RandomForest,29,2025-07,1,0.9633333333333334
RandomForest,30,2025-07,1,0.9366666666666666
RandomForest,31,2025-07,0,0.11
RandomForest,32,2025-07,1,0.77
RandomForest,33,2025-07,0,0.0
RandomForest,34,2025-07,1,0.77
RandomForest,35,2025-07,0,0.0033333333333333335
RandomForest,36,2025-07,0,0.01
RandomForest,37,2025-07,0,0.0
RandomForest,38,2025-07,0,0.0
RandomForest,39,2025-07,0,0.0
RandomForest,40,2025-07,0,0.8
RandomForest,41,2025-07,0,0.0
RandomForest,42,2025-07,0,0.0
RandomForest,43,2025-07,0,0.0
RandomForest,44,2025-07,0,0.6633333333333333
RandomForest,45,2025-07,0,0.016666666666666666
RandomForest,46,2025-07,0,0.01
RandomForest,47,2025-07,0,0.0
RandomForest,48,2025-07,0,0.0
RandomForest,49,2025-07,0,0.0
RandomForest,50,2025-07,0,0.0
RandomForest,51,2025-07,0,0.14333333333333334
RandomForest,52,2025-07,0,0.023333333333333334
RandomForest,53,2025-07,0,0.0033333333333333335
RandomForest,54,2025-07,1,0.30666666666666664
RandomForest,55,2025-07,1,0.9533333333333334
RandomForest,56,2025-07,0,0.0
RandomForest,57,2025-07,1,0.99
RandomForest,58,2025-07,0,0.0
RandomForest,59,2025-07,0,0.0
RandomForest,60,2025-07,0,0.0
RandomForest,61,2025-07,0,0.0
RandomForest,62,2025-07,0,0.0
RandomForest,63,2025-07,0,0.0
RandomForest,64,2025-07,0,0.01
RandomForest,65,2025-07,0,0.17
RandomForest,66,2025-07,0,0.02666666666666667
RandomForest,67,2025-07,0,0.006666666666666667
RandomForest,68,2025-07,0,0.0
RandomForest,69,2025-07,0,0.0
RandomForest,70,2025-07,0,0.0
RandomForest,71,2025-07,0,0.0
RandomForest,72,2025-07,0,0.0
RandomForest,73,2025-07,0,0.0
RandomForest,74,2025-07,0,0.0
RandomForest,75,2025-07,0,0.0
RandomForest,76,2025-07,0,0.0
RandomForest,77,2025-07,0,0.0
RandomForest,78,2025-07,0,0.0
RandomForest,79,2025-07,0,0.0
RandomForest,80,2025-07,0,0.0
RandomForest,81,2025-07,0,0.0
RandomForest,82,2025-07,0,0.0
RandomForest,83,2025-07,0,0.0
RandomForest,0,2025-08,0,0.0
RandomForest,1,2025-08,0,0.0
RandomForest,2,2025-08,0,0.0
RandomForest,3,2025-08,0,0.0
RandomForest,4,2025-08,0,0.0
RandomForest,5,2025-08,0,0.0
RandomForest,6,2025-08,1,0.09666666666666666
RandomForest,7,2025-08,0,0.0
RandomForest,8,2025-08,0,0.01
RandomForest,9,2025-08,0,0.41333333333333333
RandomForest,10,2025-08,0,0.0033333333333333335
RandomForest,11,2025-08,0,0.0
RandomForest,12,2025-08,0,0.0
RandomForest,13,2025-08,0,0.0033333333333333335
RandomForest,14,2025-08,0,0.006666666666666667
RandomForest,15,2025-08,0,0.0
RandomForest,16,2025-08,0,0.0
RandomForest,17,2025-08,0,0.0
RandomForest,18,2025-08,1,0.03666666666666667
RandomForest,19,2025-08,0,0.006666666666666667
RandomForest,20,2025-08,1,0.9133333333333333
RandomForest,21,2025-08,0,0.043333333333333335
RandomForest,22,2025-08,0,0.9833333333333333
RandomForest,23,2025-08,0,0.01
RandomForest,24,2025-08,0,0.0
RandomForest,25,2025-08,0,0.0
RandomForest,26,2025-08,0,0.006666666666666667
RandomForest,27,2025-08,1,0.98
RandomForest,28,2025-08,0,0.0
RandomForest,29,2025-08,1,1.0
RandomForest,30,2025-08,0,0.9766666666666667
RandomForest,31,2025-08,0,0.17333333333333334
RandomForest,32,2025-08,0,0.6933333333333334
RandomForest,33,2025-08,0,0.0033333333333333335
RandomForest,34,2025-08,1,0.8466666666666667
RandomForest,35,2025-08,0,0.01
RandomForest,36,2025-08,0,0.0
RandomForest,37,2025-08,0,0.0
RandomForest,38,2025-08,0,0.0
RandomForest,39,2025-08,0,0.0
RandomForest,40,2025-08,0,0.5033333333333333
RandomForest,41,2025-08,0,0.0
RandomForest,42,2025-08,0,0.0
RandomForest,43,2025-08,0,0.0
RandomForest,44,2025-08,1,0.77
RandomForest,45,2025-08,0,0.0033333333333333335
RandomForest,46,2025-08,0,0.006666666666666667
RandomForest,47,2025-08,0,0.013333333333333334
RandomForest,48,2025-08,0,0.01
RandomForest,49,2025-08,0,0.0
RandomForest,50,2025-08,0,0.0
RandomForest,51,2025-08,1,0.07
RandomForest,52,2025-08,0,0.0
RandomForest,53,2025-08,0,0.013333333333333334
RandomForest,54,2025-08,1,0.6
RandomForest,55,2025-08,1,0.9
RandomForest,56,2025-08,0,0.0
RandomForest,57,2025-08,1,0.9633333333333334
RandomForest,58,2025-08,0,0.0
RandomForest,59,2025-08,0,0.0
RandomForest,60,2025-08,0,0.0
RandomForest,61,2025-08,0,0.0
RandomForest,62,2025-08,0,0.0
RandomForest,63,2025-08,0,0.0
RandomForest,64,2025-08,0,0.006666666666666667
RandomForest,65,2025-08,0,0.43333333333333335
RandomForest,66,2025-08,0,0.02
RandomForest,67,2025-08,0,0.0
RandomForest,68,2025-08,0,0.0
RandomForest,69,2025-08,0,0.0
RandomForest,70,2025-08,0,0.0
RandomForest,71,2025-08,0,0.0
RandomForest,72,2025-08,0,0.0
RandomForest,73,2025-08,0,0.0
RandomForest,74,2025-08,0,0.0
RandomForest,75,2025-08,0,0.0
RandomForest,76,2025-08,0,0.02
RandomForest,77,2025-08,0,0.0
RandomForest,78,2025-08,0,0.0
RandomForest,79,2025-08,0,0.0
RandomForest,80,2025-08,0,0.0
RandomForest,81,2025-08,0,0.0
RandomForest,82,2025-08,0,0.0
RandomForest,83,2025-08,0,0.0
RandomForest,0,2025-09,0,0.0
RandomForest,1,2025-09,0,0.0
RandomForest,2,2025-09,0,0.0
RandomForest,3,2025-09,0,0.0
RandomForest,4,2025-09,0,0.0
RandomForest,5,2025-09,0,0.043333333333333335
RandomForest,6,2025-09,1,0.33
RandomForest,7,2025-09,0,0.0
RandomForest,8,2025-09,0,0.02666666666666667
RandomForest,9,2025-09,0,0.36
RandomForest,10,2025-09,0,0.006666666666666667
RandomForest,11,2025-09,0,0.0
RandomForest,12,2025-09,0,0.0
RandomForest,13,2025-09,0,0.01
RandomForest,14,2025-09,1,0.08
RandomForest,15,2025-09,0,0.006666666666666667
RandomForest,16,2025-09,0,0.0033333333333333335
RandomForest,17,2025-09,0,0.0033333333333333335
RandomForest,18,2025-09,1,0.09333333333333334
RandomForest,19,2025-09,0,0.023333333333333334
RandomForest,20,2025-09,1,0.9933333333333333
RandomForest,21,2025-09,0,0.006666666666666667
RandomForest,22,2025-09,0,0.7833333333333333
RandomForest,23,2025-09,0,0.0
RandomForest,24,2025-09,0,0.0
RandomForest,25,2025-09,0,0.0
RandomForest,26,2025-09,0,0.013333333333333334
RandomForest,27,2025-09,1,0.9866666666666667
RandomForest,28,2025-09,0,0.0
RandomForest,29,2025-09,1,0.9966666666666667
RandomForest,30,2025-09,1,0.59
RandomForest,31,2025-09,1,0.16666666666666666
RandomForest,32,2025-09,0,0.3933333333333333
RandomForest,33,2025-09,0,0.0
RandomForest,34,2025-09,1,0.9533333333333334
RandomForest,35,2025-09,0,0.0033333333333333335
RandomForest,36,2025-09,0,0.0
RandomForest,37,2025-09,0,0.0
RandomForest,38,2025-09,0,0.0
RandomForest,39,2025-09,0,0.0
RandomForest,40,2025-09,0,0.18
RandomForest,41,2025-09,0,0.01
RandomForest,42,2025-09,0,0.0
RandomForest,43,2025-09,0,0.0
RandomForest,44,2025-09,1,0.3233333333333333
RandomForest,45,2025-09,0,0.016666666666666666
RandomForest,46,2025-09,0,0.013333333333333334
RandomForest,47,2025-09,0,0.0
RandomForest,48,2025-09,0,0.0033333333333333335
RandomForest,49,2025-09,0,0.0
RandomForest,50,2025-09,0,0.0
RandomForest,51,2025-09,0,0.17333333333333334
RandomForest,52,2025-09,0,0.0
RandomForest,53,2025-09,0,0.0
RandomForest,54,2025-09,1,0.6
RandomForest,55,2025-09,1,0.9633333333333334
RandomForest,56,2025-09,0,0.0
RandomForest,57,2025-09,1,1.0
RandomForest,58,2025-09,0,0.0033333333333333335
RandomForest,59,2025-09,0,0.0
RandomForest,60,2025-09,0,0.0
RandomForest,61,2025-09,0,0.0
RandomForest,62,2025-09,0,0.0033333333333333335
RandomForest,63,2025-09,0,0.0
RandomForest,64,2025-09,0,0.0
RandomForest,65,2025-09,0,0.10333333333333333
RandomForest,66,2025-09,0,0.016666666666666666
RandomForest,67,2025-09,0,0.0
RandomForest,68,2025-09,0,0.0
RandomForest,69,2025-09,0,0.0
RandomForest,70,2025-09,0,0.0
RandomForest,71,2025-09,0,0.0
RandomForest,72,2025-09,0,0.0
RandomForest,73,2025-09,0,0.0
RandomForest,74,2025-09,0,0.0
RandomForest,75,2025-09,0,0.0
RandomForest,76,2025-09,0,0.0
RandomForest,77,2025-09,0,0.0
RandomForest,78,2025-09,0,0.0
RandomForest,79,2025-09,0,0.0
RandomForest,80,2025-09,0,0.0
RandomForest,81,2025-09,0,0.0
RandomForest,82,2025-09,0,0.0
RandomForest,83,2025-09,0,0.0
RandomForest,0,2025-10,0,0.0
RandomForest,1,2025-10,0,0.0
RandomForest,2,2025-10,0,0.0
RandomForest,3,2025-10,0,0.0
RandomForest,4,2025-10,0,0.0
RandomForest,5,2025-10,0,0.0033333333333333335
RandomForest,6,2025-10,1,0.44
RandomForest,7,2025-10,0,0.0
RandomForest,8,2025-10,0,0.0033333333333333335
RandomForest,9,2025-10,0,0.18
RandomForest,10,2025-10,0,0.0
RandomForest,11,2025-10,0,0.0
RandomForest,12,2025-10,0,0.0
RandomForest,13,2025-10,0,0.01
RandomForest,14,2025-10,0,0.30333333333333334
RandomForest,15,2025-10,0,0.0033333333333333335
RandomForest,16,2025-10,0,0.0
RandomForest,17,2025-10,0,0.0
RandomForest,18,2025-10,0,0.25666666666666665
RandomForest,19,2025-10,0,0.02666666666666667
RandomForest,20,2025-10,1,0.99
RandomForest,21,2025-10,0,0.023333333333333334
RandomForest,22,2025-10,1,0.41333333333333333
RandomForest,23,2025-10,0,0.0
RandomForest,24,2025-10,0,0.0
RandomForest,25,2025-10,0,0.0033333333333333335
RandomForest,26,2025-10,0,0.0033333333333333335
RandomForest,27,2025-10,1,0.97
RandomForest,28,2025-10,0,0.0
RandomForest,29,2025-10,1,0.9666666666666667
RandomForest,30,2025-10,1,0.82
RandomForest,31,2025-10,0,0.42
RandomForest,32,2025-10,1,0.3333333333333333
RandomForest,33,2025-10,0,0.0
RandomForest,34,2025-10,1,0.8666666666666667
RandomForest,35,2025-10,0,0.0
RandomForest,36,2025-10,0,0.0
RandomForest,37,2025-10,0,0.01
RandomForest,38,2025-10,0,0.0
RandomForest,39,2025-10,0,0.0
RandomForest,40,2025-10,1,0.27
RandomForest,41,2025-10,0,0.0
RandomForest,42,2025-10,0,0.0
RandomForest,43,2025-10,0,0.0
RandomForest,44,2025-10,1,0.5166666666666667
RandomForest,45,2025-10,0,0.0
RandomForest,46,2025-10,0,0.0033333333333333335
RandomForest,47,2025-10,0,0.0033333333333333335
RandomForest,48,2025-10,0,0.0
RandomForest,49,2025-10,0,0.0
RandomForest,50,2025-10,0,0.006666666666666667
RandomForest,51,2025-10,0,0.43
RandomForest,52,2025-10,0,0.013333333333333334
RandomForest,53,2025-10,0,0.0
RandomForest,54,2025-10,0,0.8166666666666667
RandomForest,55,2025-10,0,0.99
RandomForest,56,2025-10,0,0.0
RandomForest,57,2025-10,1,0.8233333333333334
RandomForest,58,2025-10,0,0.0033333333333333335
RandomForest,59,2025-10,0,0.0
RandomForest,60,2025-10,0,0.0
RandomForest,61,2025-10,0,0.0
RandomForest,62,2025-10,0,0.0
RandomForest,63,2025-10,0,0.0
RandomForest,64,2025-10,0,0.0033333333333333335
RandomForest,65,2025-10,0,0.06
RandomForest,66,2025-10,0,0.006666666666666667
RandomForest,67,2025-10,0,0.01
RandomForest,68,2025-10,0,0.0
RandomForest,69,2025-10,0,0.0
RandomForest,70,2025-10,0,0.0
RandomForest,71,2025-10,0,0.0
RandomForest,72,2025-10,0,0.0
RandomForest,73,2025-10,0,0.0
RandomForest,74,2025-10,0,0.0
RandomForest,75,2025-10,0,0.0
RandomForest,76,2025-10,0,0.0
RandomForest,77,2025-10,0,0.0
RandomForest,78,2025-10,0,0.0
RandomForest,79,2025-10,0,0.0
RandomForest,80,2025-10,0,0.0
RandomForest,81,2025-10,0,0.0
RandomForest,82,2025-10,0,0.0
RandomForest,83,2025-10,0,0.0033333333333333335
RandomForest,0,2025-11,0,0.0
RandomForest,1,2025-11,0,0.0
RandomForest,2,2025-11,0,0.0
RandomForest,3,2025-11,0,0.0
RandomForest,4,2025-11,0,0.0
RandomForest,5,2025-11,0,0.0
RandomForest,6,2025-11,0,0.5766666666666667
RandomForest,7,2025-11,0,0.0
RandomForest,8,2025-11,0,0.0033333333333333335
RandomForest,9,2025-11,0,0.26666666666666666
RandomForest,10,2025-11,0,0.006666666666666667
RandomForest,11,2025-11,0,0.0
RandomForest,12,2025-11,0,0.0
RandomForest,13,2025-11,0,0.02666666666666667
RandomForest,14,2025-11,0,0.18333333333333332
RandomForest,15,2025-11,0,0.01
RandomForest,16,2025-11,0,0.0
RandomForest,17,2025-11,0,0.0
RandomForest,18,2025-11,0,0.25333333333333335
RandomForest,19,2025-11,0,0.006666666666666667
RandomForest,20,2025-11,1,0.9866666666666667
RandomForest,21,2025-11,0,0.006666666666666667
RandomForest,22,2025-11,1,0.6066666666666667
RandomForest,23,2025-11,0,0.0
RandomForest,24,2025-11,0,0.0
RandomForest,25,2025-11,0,0.0033333333333333335
RandomForest,26,2025-11,0,0.14666666666666667
RandomForest,27,2025-11,1,0.92
RandomForest,28,2025-11,0,0.0
RandomForest,29,2025-11,1,0.94
RandomForest,30,2025-11,1,0.7433333333333333
RandomForest,31,2025-11,1,0.20666666666666667
RandomForest,32,2025-11,0,0.38666666666666666
RandomForest,33,2025-11,0,0.0
RandomForest,34,2025-11,1,0.77
RandomForest,35,2025-11,0,0.0
RandomForest,36,2025-11,0,0.0
RandomForest,37,2025-11,0,0.0033333333333333335
RandomForest,38,2025-11,0,0.0
RandomForest,39,2025-11,0,0.0
RandomForest,40,2025-11,1,0.43333333333333335
RandomForest,41,2025-11,0,0.0
RandomForest,42,2025-11,0,0.0
RandomForest,43,2025-11,0,0.0
RandomForest,44,2025-11,1,0.7366666666666667
RandomForest,45,2025-11,0,0.01
RandomForest,46,2025-11,0,0.0033333333333333335
RandomForest,47,2025-11,0,0.0
RandomForest,48,2025-11,0,0.0
RandomForest,49,2025-11,0,0.0
RandomForest,50,2025-11,0,0.006666666666666667
RandomForest,51,2025-11,0,0.36
RandomForest,52,2025-11,0,0.0033333333333333335
RandomForest,53,2025-11,0,0.02
RandomForest,54,2025-11,0,0.5166666666666667
RandomForest,55,2025-11,1,0.9366666666666666
RandomForest,56,2025-11,0,0.0
RandomForest,57,2025-11,1,1.0
RandomForest,58,2025-11,0,0.0033333333333333335
RandomForest,59,2025-11,0,0.0
RandomForest,60,2025-11,0,0.0
RandomForest,61,2025-11,0,0.0
RandomForest,62,2025-11,0,0.0
RandomForest,63,2025-11,0,0.0
RandomForest,64,2025-11,0,0.0
RandomForest,65,2025-11,0,0.22333333333333333
RandomForest,66,2025-11,0,0.0
RandomForest,67,2025-11,0,0.0
RandomForest,68,2025-11,0,0.0
RandomForest,69,2025-11,0,0.0
RandomForest,70,2025-11,0,0.0
RandomForest,71,2025-11,0,0.0
RandomForest,72,2025-11,0,0.0
RandomForest,73,2025-11,0,0.0
RandomForest,74,2025-11,0,0.0
RandomForest,75,2025-11,0,0.0
RandomForest,76,2025-11,0,0.0
RandomForest,77,2025-11,0,0.0
RandomForest,78,2025-11,0,0.0
RandomForest,79,2025-11,0,0.0
RandomForest,80,2025-11,0,0.0
RandomForest,81,2025-11,0,0.0
RandomForest,82,2025-11,0,0.0
RandomForest,83,2025-11,0,0.0
RandomForest,0,2025-12,0,0.0
RandomForest,1,2025-12,0,0.0
RandomForest,2,2025-12,0,0.0
RandomForest,3,2025-12,0,0.0
RandomForest,4,2025-12,0,0.0
RandomForest,5,2025-12,0,0.0
RandomForest,6,2025-12,0,0.4866666666666667
RandomForest,7,2025-12,0,0.0
RandomForest,8,2025-12,0,0.05
RandomForest,9,2025-12,1,0.45
RandomForest,10,2025-12,0,0.0
RandomForest,11,2025-12,0,0.0
RandomForest,12,2025-12,0,0.0
RandomForest,13,2025-12,0,0.013333333333333334
RandomForest,14,2025-12,0,0.25666666666666665
RandomForest,15,2025-12,0,0.0033333333333333335
RandomForest,16,2025-12,0,0.0033333333333333335
RandomForest,17,2025-12,0,0.0
RandomForest,18,2025-12,0,0.14666666666666667
RandomForest,19,2025-12,1,0.0033333333333333335
RandomForest,20,2025-12,1,0.9766666666666667
RandomForest,21,2025-12,0,0.0
RandomForest,22,2025-12,1,0.8066666666666666
RandomForest,23,2025-12,0,0.0
RandomForest,24,2025-12,0,0.0
RandomForest,25,2025-12,0,0.0
RandomForest,26,2025-12,0,0.09333333333333334
RandomForest,27,2025-12,1,0.9366666666666666
RandomForest,28,2025-12,0,0.0
RandomForest,29,2025-12,1,0.9966666666666667
RandomForest,30,2025-12,1,0.7733333333333333
RandomForest,31,2025-12,1,0.25666666666666665
RandomForest,32,2025-12,0,0.6633333333333333
RandomForest,33,2025-12,0,0.0
RandomForest,34,2025-12,1,0.94
RandomForest,35,2025-12,0,0.02
RandomForest,36,2025-12,0,0.0
RandomForest,37,2025-12,0,0.0
RandomForest,38,2025-12,0,0.0
RandomForest,39,2025-12,0,0.0
RandomForest,40,2025-12,0,0.84
RandomForest,41,2025-12,0,0.0
RandomForest,42,2025-12,0,0.0
RandomForest,43,2025-12,0,0.0
RandomForest,44,2025-12,0,0.29333333333333333
RandomForest,45,2025-12,0,0.0
RandomForest,46,2025-12,0,0.0
RandomForest,47,2025-12,0,0.0
RandomForest,48,2025-12,0,0.0
RandomForest,49,2025-12,0,0.0033333333333333335
RandomForest,50,2025-12,0,0.0033333333333333335
RandomForest,51,2025-12,0,0.41
RandomForest,52,2025-12,0,0.0
RandomForest,53,2025-12,0,0.0
RandomForest,54,2025-12,0,0.3466666666666667
RandomForest,55,2025-12,1,0.8833333333333333
RandomForest,56,2025-12,0,0.0
RandomForest,57,2025-12,1,0.9966666666666667
RandomForest,58,2025-12,0,0.0
RandomForest,59,2025-12,0,0.0
RandomForest,60,2025-12,0,0.0
RandomForest,61,2025-12,0,0.0
RandomForest,62,2025-12,0,0.0
RandomForest,63,2025-12,0,0.0
RandomForest,64,2025-12,0,0.0033333333333333335
RandomForest,65,2025-12,0,0.1
RandomForest,66,2025-12,0,0.09333333333333334
RandomForest,67,2025-12,0,0.0
RandomForest,68,2025-12,0,0.0
RandomForest,69,2025-12,0,0.0
RandomForest,70,2025-12,0,0.0033333333333333335
RandomForest,71,2025-12,0,0.0
RandomForest,72,2025-12,0,0.0
RandomForest,73,2025-12,0,0.0
RandomForest,74,2025-12,0,0.0
RandomForest,75,2025-12,0,0.0
RandomForest,76,2025-12,0,0.0
RandomForest,77,2025-12,0,0.0
RandomForest,78,2025-12,0,0.0
RandomForest,79,2025-12,0,0.0
RandomForest,80,2025-12,0,0.0
RandomForest,81,2025-12,0,0.0
RandomForest,82,2025-12,0,0.0
RandomForest,83,2025-12,0,0.0
RandomForest,0,2026-01,0,0.0
RandomForest,1,2026-01,0,0.0
RandomForest,2,2026-01,0,0.0
RandomForest,3,2026-01,0,0.0
RandomForest,4,2026-01,0,0.0
RandomForest,5,2026-01,0,0.0
RandomForest,6,2026-01,0,0.27666666666666667
RandomForest,7,2026-01,0,0.0
RandomForest,8,2026-01,0,0.006666666666666667
RandomForest,9,2026-01,1,0.38666666666666666
RandomForest,10,2026-01,0,0.0
RandomForest,11,2026-01,0,0.0
RandomForest,12,2026-01,0,0.0
RandomForest,13,2026-01,0,0.0
RandomForest,14,2026-01,0,0.04666666666666667
RandomForest,15,2026-01,0,0.0
RandomForest,16,2026-01,0,0.0
RandomForest,17,2026-01,0,0.0
RandomForest,18,2026-01,0,0.21333333333333335
RandomForest,19,2026-01,0,0.18666666666666668
RandomForest,20,2026-01,1,0.7666666666666667
RandomForest,21,2026-01,1,0.02666666666666667
RandomForest,22,2026-01,0,0.6066666666666667
RandomForest,23,2026-01,0,0.006666666666666667
RandomForest,24,2026-01,0,0.0
RandomForest,25,2026-01,0,0.0
RandomForest,26,2026-01,0,0.03666666666666667
RandomForest,27,2026-01,1,0.9433333333333334
RandomForest,28,2026-01,0,0.0
RandomForest,29,2026-01,1,0.98
RandomForest,30,2026-01,1,0.7566666666666667
RandomForest,31,2026-01,0,0.57
RandomForest,32,2026-01,1,0.25666666666666665
RandomForest,33,2026-01,0,0.0
RandomForest,34,2026-01,1,0.87
RandomForest,35,2026-01,0,0.0033333333333333335
RandomForest,36,2026-01,0,0.0
RandomForest,37,2026-01,0,0.0
RandomForest,38,2026-01,0,0.0
RandomForest,39,2026-01,0,0.0
RandomForest,40,2026-01,1,0.61
RandomForest,41,2026-01,0,0.0
RandomForest,42,2026-01,0,0.0
RandomForest,43,2026-01,0,0.0
RandomForest,44,2026-01,1,0.6066666666666667
RandomForest,45,2026-01,0,0.0
RandomForest,46,2026-01,0,0.0
RandomForest,47,2026-01,0,0.0
RandomForest,48,2026-01,0,0.0
RandomForest,49,2026-01,0,0.0
RandomForest,50,2026-01,0,0.0
RandomForest,51,2026-01,1,0.14
RandomForest,52,2026-01,0,0.043333333333333335
RandomForest,53,2026-01,0,0.0
RandomForest,54,2026-01,0,0.30333333333333334
RandomForest,55,2026-01,0,0.9066666666666666
RandomForest,56,2026-01,0,0.0
RandomForest,57,2026-01,1,0.98
RandomForest,58,2026-01,0,0.0
RandomForest,59,2026-01,0,0.0
RandomForest,60,2026-01,0,0.0
RandomForest,61,2026-01,0,0.0
RandomForest,62,2026-01,0,0.0
RandomForest,63,2026-01,0,0.0
RandomForest,64,2026-01,0,0.0
RandomForest,65,2026-01,0,0.02
RandomForest,66,2026-01,0,0.02
RandomForest,67,2026-01,0,0.0
RandomForest,68,2026-01,0,0.0
RandomForest,69,2026-01,0,0.0033333333333333335
RandomForest,70,2026-01,0,0.0
RandomForest,71,2026-01,0,0.0
RandomForest,72,2026-01,0,0.0
RandomForest,73,2026-01,0,0.0
RandomForest,74,2026-01,0,0.0
RandomForest,75,2026-01,0,0.0
RandomForest,76,2026-01,0,0.0
RandomForest,77,2026-01,0,0.0
RandomForest,78,2026-01,0,0.0
RandomForest,79,2026-01,0,0.0
RandomForest,80,2026-01,0,0.0
RandomForest,81,2026-01,0,0.0
RandomForest,82,2026-01,0,0.0
RandomForest,83,2026-01,0,0.0
XGBoost,0,2025-07,0,0.004953465890139341
XGBoost,1,2025-07,0,0.0007240487611852586
XGBoost,2,2025-07,0,0.0035576168447732925
XGBoost,3,2025-07,0,0.0006577094318345189
XGBoost,4,2025-07,0,0.0006720814853906631
XGBoost,5,2025-07,0,0.010055439546704292
XGBoost,6,2025-07,0,0.36533641815185547
XGBoost,7,2025-07,0,0.0008618547581136227
XGBoost,8,2025-07,0,0.042142558842897415
XGBoost,9,2025-07,0,0.9245709180831909
XGBoost,10,2025-07,0,0.0025799665600061417
XGBoost,11,2025-07,0,0.0033227435778826475
XGBoost,12,2025-07,0,0.0006327827577479184
XGBoost,13,2025-07,0,0.27881529927253723
XGBoost,14,2025-07,0,0.007745543960481882
XGBoost,15,2025-07,0,0.04303751885890961
XGBoost,16,2025-07,0,0.00040821218863129616
XGBoost,17,2025-07,0,0.0003848763008136302
XGBoost,18,2025-07,0,0.009421623311936855
XGBoost,19,2025-07,0,0.0002489385078661144
XGBoost,20,2025-07,1,0.993523359298706
XGBoost,21,2025-07,0,0.019330604001879692
XGBoost,22,2025-07,1,0.9991804957389832
XGBoost,23,2025-07,0,0.002973913913592696
XGBoost,24,2025-07,0,0.0005583923775702715
XGBoost,25,2025-07,0,0.48667868971824646
XGBoost,26,2025-07,0,0.01744765043258667
XGBoost,27,2025-07,1,0.9987795948982239
XGBoost,28,2025-07,0,0.003180322702974081
XGBoost,29,2025-07,1,0.9941121935844421
XGBoost,30,2025-07,1,0.9898766875267029
XGBoost,31,2025-07,0,0.10754001140594482
XGBoost,32,2025-07,1,0.9618732333183289
XGBoost,33,2025-07,0,0.00034380913712084293
XGBoost,34,2025-07,1,0.9732972979545593
XGBoost,35,2025-07,0,0.004259573295712471
XGBoost,36,2025-07,0,0.0006478793802671134
XGBoost,37,2025-07,0,0.0008606656920164824
XGBoost,38,2025-07,0,0.0012035152176395059
XGBoost,39,2025-07,0,0.004060909152030945
XGBoost,40,2025-07,0,0.15372240543365479
XGBoost,41,2025-07,0,0.00032236333936452866
XGBoost,42,2025-07,0,0.0005045498837716877
XGBoost,43,2025-07,0,0.011989131569862366
XGBoost,44,2025-07,0,0.807996392250061
XGBoost,45,2025-07,0,0.02176547423005104
XGBoost,46,2025-07,0,0.0007497132173739374
XGBoost,47,2025-07,0,0.0009724817937240005
XGBoost,48,2025-07,0,0.0027603760827332735
XGBoost,49,2025-07,0,0.001324585173279047
XGBoost,50,2025-07,0,0.001456438098102808
XGBoost,51,2025-07,0,0.03314010053873062
XGBoost,52,2025-07,0,0.06287094205617905
XGBoost,53,2025-07,0,0.0003445577749516815
XGBoost,54,2025-07,1,0.5574541687965393
XGBoost,55,2025-07,1,0.9978324770927429
XGBoost,56,2025-07,0,0.002862954745069146
XGBoost,57,2025-07,1,0.9968785047531128
XGBoost,58,2025-07,0,0.0026467673014849424
XGBoost,59,2025-07,0,0.0008926193695515394
XGBoost,60,2025-07,0,0.0007234266377054155
XGBoost,61,2025-07,0,0.0022657413501292467
XGBoost,62,2025-07,0,0.0017868647119030356
XGBoost,63,2025-07,0,0.0020215557888150215
XGBoost,64,2025-07,0,0.005354768596589565
XGBoost,65,2025-07,0,0.1490938365459442
XGBoost,66,2025-07,0,0.0038963397964835167
XGBoost,67,2025-07,0,0.0017857329221442342
XGBoost,68,2025-07,0,0.0003957985027227551
XGBoost,69,2025-07,0,0.0009287798893637955
XGBoost,70,2025-07,0,0.0011598404962569475
XGBoost,71,2025-07,0,0.0008072408963926136
XGBoost,72,2025-07,0,0.0012132360134273767
XGBoost,73,2025-07,0,0.0011462692636996508
XGBoost,74,2025-07,0,0.0006691233720630407
XGBoost,75,2025-07,0,0.0006379015394486487
XGBoost,76,2025-07,0,0.0005955449887551367
XGBoost,77,2025-07,0,0.0003065500932279974
XGBoost,78,2025-07,0,0.0008530700579285622
XGBoost,79,2025-07,0,0.000810447963885963
XGBoost,80,2025-07,0,0.0005305504892021418
XGBoost,81,2025-07,0,0.0014387024566531181
XGBoost,82,2025-07,0,0.000609754933975637
XGBoost,83,2025-07,0,0.004956997465342283
XGBoost,0,2025-08,0,0.003247695043683052
XGBoost,1,2025-08,0,0.0005983901210129261
XGBoost,2,2025-08,0,0.0029557154048234224
XGBoost,3,2025-08,0,0.0005506108282133937
XGBoost,4,2025-08,0,0.0005506108282133937
XGBoost,5,2025-08,0,0.0013222048291936517
XGBoost,6,2025-08,1,0.09625153988599777
XGBoost,7,2025-08,0,0.0007918472983874381
XGBoost,8,2025-08,0,0.012056021951138973
XGBoost,9,2025-08,0,0.9640395045280457
XGBoost,10,2025-08,0,0.002704460173845291
XGBoost,11,2025-08,0,0.0012890384532511234
XGBoost,12,2025-08,0,0.0004149687010794878
XGBoost,13,2025-08,0,0.0008156294352374971
XGBoost,14,2025-08,0,0.015186196193099022
XGBoost,15,2025-08,0,0.0032090444583445787
XGBoost,16,2025-08,0,0.0009324956336058676
XGBoost,17,2025-08,0,0.0005765362293459475
XGBoost,18,2025-08,1,0.04427793249487877
XGBoost,19,2025-08,0,0.0004945096443407238
XGBoost,20,2025-08,1,0.9950408339500427
XGBoost,21,2025-08,0,0.3646024465560913
XGBoost,22,2025-08,0,0.9965057373046875
XGBoost,23,2025-08,0,0.005503547843545675
XGBoost,24,2025-08,0,0.0004472834407351911
XGBoost,25,2025-08,0,0.0010808509541675448
XGBoost,26,2025-08,0,0.005066094920039177
XGBoost,27,2025-08,1,0.9970309734344482
XGBoost,28,2025-08,0,0.000346334301866591
XGBoost,29,2025-08,1,0.9946709275245667
XGBoost,30,2025-08,0,0.9944803714752197
XGBoost,31,2025-08,0,0.29497793316841125
XGBoost,32,2025-08,0,0.9684181213378906
XGBoost,33,2025-08,0,0.018385091796517372
XGBoost,34,2025-08,1,0.9890507459640503
XGBoost,35,2025-08,0,0.0004251734644640237
XGBoost,36,2025-08,0,0.00022918656759429723
XGBoost,37,2025-08,0,0.000839667918626219
XGBoost,38,2025-08,0,0.0009191016433760524
XGBoost,39,2025-08,0,0.0007743406458757818
XGBoost,40,2025-08,0,0.6791030168533325
XGBoost,41,2025-08,0,0.0010704919695854187
XGBoost,42,2025-08,0,0.0008705710060894489
XGBoost,43,2025-08,0,0.000667767773848027
XGBoost,44,2025-08,1,0.9762303829193115
XGBoost,45,2025-08,0,0.004715839866548777
XGBoost,46,2025-08,0,0.012759043835103512
XGBoost,47,2025-08,0,0.001725938986055553
XGBoost,48,2025-08,0,0.0013818093575537205
XGBoost,49,2025-08,0,0.000684978673234582
XGBoost,50,2025-08,0,0.002396916737779975
XGBoost,51,2025-08,1,0.060205455869436264
XGBoost,52,2025-08,0,0.0009720886591821909
XGBoost,53,2025-08,0,0.008887108415365219
XGBoost,54,2025-08,1,0.9977495074272156
XGBoost,55,2025-08,1,0.9967394471168518
XGBoost,56,2025-08,0,0.003529301378875971
XGBoost,57,2025-08,1,0.9967488050460815
XGBoost,58,2025-08,0,0.007834091782569885
XGBoost,59,2025-08,0,0.0008153411326929927
XGBoost,60,2025-08,0,0.00030976650305092335
XGBoost,61,2025-08,0,0.0015992731787264347
XGBoost,62,2025-08,0,0.0014079490210860968
XGBoost,63,2025-08,0,0.0003573076974134892
XGBoost,64,2025-08,0,0.004712760914117098
XGBoost,65,2025-08,0,0.9558416604995728
XGBoost,66,2025-08,0,0.03787184879183769
XGBoost,67,2025-08,0,0.0017271173419430852
XGBoost,68,2025-08,0,0.0006946303765289485
XGBoost,69,2025-08,0,0.00261699385009706
XGBoost,70,2025-08,0,0.0006151434499770403
XGBoost,71,2025-08,0,0.0008492537308484316
XGBoost,72,2025-08,0,0.0009192334837280214
XGBoost,73,2025-08,0,0.0008530537597835064
XGBoost,74,2025-08,0,0.0002735458256211132
XGBoost,75,2025-08,0,0.0005470888572745025
XGBoost,76,2025-08,0,0.0031968895345926285
XGBoost,77,2025-08,0,0.0027630841359496117
XGBoost,78,2025-08,0,0.0006155531154945493
XGBoost,79,2025-08,0,0.0007488596020266414
XGBoost,80,2025-08,0,0.0004334455297794193
XGBoost,81,2025-08,0,0.00024050133652053773
XGBoost,82,2025-08,0,0.0005596162518486381
XGBoost,83,2025-08,0,0.002405320992693305
XGBoost,0,2025-09,0,0.0035767368972301483
XGBoost,1,2025-09,0,0.0006267742719501257
XGBoost,2,2025-09,0,0.002178691793233156
XGBoost,3,2025-09,0,0.0006849339697510004
XGBoost,4,2025-09,0,0.0007465435191988945
XGBoost,5,2025-09,0,0.006950762588530779
XGBoost,6,2025-09,1,0.933082103729248
XGBoost,7,2025-09,0,0.000656700402032584
XGBoost,8,2025-09,0,0.029406029731035233
XGBoost,9,2025-09,0,0.9273602962493896
XGBoost,10,2025-09,0,0.0012534991838037968
XGBoost,11,2025-09,0,0.001868537743575871
XGBoost,12,2025-09,0,0.0006171879940666258
XGBoost,13,2025-09,0,0.0007609504391439259
XGBoost,14,2025-09,1,0.4795995056629181
XGBoost,15,2025-09,0,0.01202147826552391
XGBoost,16,2025-09,0,0.021535303443670273
XGBoost,17,2025-09,0,0.0012653404846787453
XGBoost,18,2025-09,1,0.03777933493256569
XGBoost,19,2025-09,0,0.007529792375862598
XGBoost,20,2025-09,1,0.9780910611152649
XGBoost,21,2025-09,0,0.004604521207511425
XGBoost,22,2025-09,0,0.9353638887405396
XGBoost,23,2025-09,0,0.002525086048990488
XGBoost,24,2025-09,0,0.0006650988943874836
XGBoost,25,2025-09,0,0.005832872353494167
XGBoost,26,2025-09,0,0.06580446660518646
XGBoost,27,2025-09,1,0.9798705577850342
XGBoost,28,2025-09,0,0.000517920998390764
XGBoost,29,2025-09,1,0.9976546764373779
XGBoost,30,2025-09,1,0.38023728132247925
XGBoost,31,2025-09,1,0.11070768535137177
XGBoost,32,2025-09,0,0.6569308042526245
XGBoost,33,2025-09,0,0.0005676353466697037
XGBoost,34,2025-09,1,0.9973660111427307
XGBoost,35,2025-09,0,0.0010570507729426026
XGBoost,36,2025-09,0,0.0007931938162073493
XGBoost,37,2025-09,0,0.0009873021626845002
XGBoost,38,2025-09,0,0.0058674016036093235
XGBoost,39,2025-09,0,0.001464508823119104
XGBoost,40,2025-09,0,0.06080961227416992
XGBoost,41,2025-09,0,0.010245400480926037
XGBoost,42,2025-09,0,0.0009449278586544096
XGBoost,43,2025-09,0,0.005764486268162727
XGBoost,44,2025-09,1,0.9134242534637451
XGBoost,45,2025-09,0,0.017502758651971817
XGBoost,46,2025-09,0,0.012227796018123627
XGBoost,47,2025-09,0,0.0011776176979765296
XGBoost,48,2025-09,0,0.0011640687007457018
XGBoost,49,2025-09,0,0.001263524405658245
XGBoost,50,2025-09,0,0.008973089046776295
XGBoost,51,2025-09,0,0.1458795666694641
XGBoost,52,2025-09,0,0.0017424478428438306
XGBoost,53,2025-09,0,0.006542688701301813
XGBoost,54,2025-09,1,0.9802268743515015
XGBoost,55,2025-09,1,0.9986599683761597
XGBoost,56,2025-09,0,0.00331175047904253
XGBoost,57,2025-09,1,0.9984971284866333
XGBoost,58,2025-09,0,0.0052399649284780025
XGBoost,59,2025-09,0,0.0009074739646166563
XGBoost,60,2025-09,0,0.0006503983167931437
XGBoost,61,2025-09,0,0.0015002290019765496
XGBoost,62,2025-09,0,0.006032575853168964
XGBoost,63,2025-09,0,0.008576207794249058
XGBoost,64,2025-09,0,0.0006086621433496475
XGBoost,65,2025-09,0,0.058808617293834686
XGBoost,66,2025-09,0,0.0005955572123639286
XGBoost,67,2025-09,0,0.002656411612406373
XGBoost,68,2025-09,0,0.0006576342275366187
XGBoost,69,2025-09,0,0.0013340088771656156
XGBoost,70,2025-09,0,0.001357868080958724
XGBoost,71,2025-09,0,0.0008142091683112085
XGBoost,72,2025-09,0,0.0006142778438515961
XGBoost,73,2025-09,0,0.0006739187519997358
XGBoost,74,2025-09,0,0.0005786286783404648
XGBoost,75,2025-09,0,0.0006211894215084612
XGBoost,76,2025-09,0,0.0029341704212129116
XGBoost,77,2025-09,0,0.000212623635889031
XGBoost,78,2025-09,0,0.0010384762426838279
XGBoost,79,2025-09,0,0.0009586798842065036
XGBoost,80,2025-09,0,0.0006397429388016462
XGBoost,81,2025-09,0,0.0004455663438420743
XGBoost,82,2025-09,0,0.0007127397111617029
XGBoost,83,2025-09,0,0.004440581426024437
XGBoost,0,2025-10,0,0.003483510110527277
XGBoost,1,2025-10,0,0.0006837995024397969
XGBoost,2,2025-10,0,0.0018215420423075557
XGBoost,3,2025-10,0,0.000689198961481452
XGBoost,4,2025-10,0,0.0008009104640223086
XGBoost,5,2025-10,0,0.004556836094707251
XGBoost,6,2025-10,1,0.9744840264320374
XGBoost,7,2025-10,0,0.002051430521532893
XGBoost,8,2025-10,0,0.003922478761523962
XGBoost,9,2025-10,0,0.22279606759548187
XGBoost,10,2025-10,0,0.000855401623994112
XGBoost,11,2025-10,0,0.0014817569172009826
XGBoost,12,2025-10,0,0.000740057963412255
XGBoost,13,2025-10,0,0.003298644907772541
XGBoost,14,2025-10,0,0.7727726697921753
XGBoost,15,2025-10,0,0.008228148333728313
XGBoost,16,2025-10,0,0.00091240816982463
XGBoost,17,2025-10,0,0.000764798722229898
XGBoost,18,2025-10,0,0.7141898274421692
XGBoost,19,2025-10,0,0.0033778995275497437
XGBoost,20,2025-10,1,0.9978063702583313
XGBoost,21,2025-10,0,0.018000494688749313
XGBoost,22,2025-10,1,0.5586563944816589
XGBoost,23,2025-10,0,0.0008239162852987647
XGBoost,24,2025-10,0,0.0004663346044253558
XGBoost,25,2025-10,0,0.0006585053633898497
XGBoost,26,2025-10,0,0.009853163734078407
XGBoost,27,2025-10,1,0.9966151118278503
XGBoost,28,2025-10,0,0.0010321002919226885
XGBoost,29,2025-10,1,0.9973049163818359
XGBoost,30,2025-10,1,0.9849544763565063
XGBoost,31,2025-10,0,0.3879586458206177
XGBoost,32,2025-10,1,0.835780918598175
XGBoost,33,2025-10,0,0.001035427558235824
XGBoost,34,2025-10,1,0.9871123433113098
XGBoost,35,2025-10,0,0.0010591460159048438
XGBoost,36,2025-10,0,0.0006590801640413702
XGBoost,37,2025-10,0,0.0013556269695982337
XGBoost,38,2025-10,0,0.0008344685775227845
XGBoost,39,2025-10,0,0.0020096516236662865
XGBoost,40,2025-10,1,0.773195207118988
XGBoost,41,2025-10,0,0.002147607272490859
XGBoost,42,2025-10,0,0.005647938698530197
XGBoost,43,2025-10,0,0.006896979175508022
XGBoost,44,2025-10,1,0.9801161289215088
XGBoost,45,2025-10,0,0.00035305230994708836
XGBoost,46,2025-10,0,0.00034757735556922853
XGBoost,47,2025-10,0,0.0010384474880993366
XGBoost,48,2025-10,0,0.0005206472706049681
XGBoost,49,2025-10,0,0.00046776238013990223
XGBoost,50,2025-10,0,0.0006596759194508195
XGBoost,51,2025-10,0,0.7497389316558838
XGBoost,52,2025-10,0,0.009629440493881702
XGBoost,53,2025-10,0,0.002204126911237836
XGBoost,54,2025-10,0,0.9964790940284729
XGBoost,55,2025-10,0,0.991224467754364
XGBoost,56,2025-10,0,0.00240594451315701
XGBoost,57,2025-10,1,0.9938011765480042
XGBoost,58,2025-10,0,0.004922141321003437
XGBoost,59,2025-10,0,0.0006984772626310587
XGBoost,60,2025-10,0,0.0004308500501792878
XGBoost,61,2025-10,0,0.0017195973778143525
XGBoost,62,2025-10,0,0.0015144726494327188
XGBoost,63,2025-10,0,0.0004246861790306866
XGBoost,64,2025-10,0,0.0008264044299721718
XGBoost,65,2025-10,0,0.04060807451605797
XGBoost,66,2025-10,0,0.002559724962338805
XGBoost,67,2025-10,0,0.0038648960180580616
XGBoost,68,2025-10,0,0.0008924034191295505
XGBoost,69,2025-10,0,0.000278433901257813
XGBoost,70,2025-10,0,0.0010241171112284064
XGBoost,71,2025-10,0,0.0007376503199338913
XGBoost,72,2025-10,0,0.000700593285728246
XGBoost,73,2025-10,0,0.0004852913261856884
XGBoost,74,2025-10,0,0.00040530654950998724
XGBoost,75,2025-10,0,0.000577217957470566
XGBoost,76,2025-10,0,0.0006021624431014061
XGBoost,77,2025-10,0,0.00016671048069838434
XGBoost,78,2025-10,0,0.0009106519282795489
XGBoost,79,2025-10,0,0.0008828620193526149
XGBoost,80,2025-10,0,0.0004682247235905379
XGBoost,81,2025-10,0,0.0003605778329074383
XGBoost,82,2025-10,0,0.0003937707224395126
XGBoost,83,2025-10,0,0.004325768444687128
XGBoost,0,2025-11,0,0.002709439257159829
XGBoost,1,2025-11,0,0.0005833952454850078
XGBoost,2,2025-11,0,0.001616436056792736
XGBoost,3,2025-11,0,0.000526386487763375
XGBoost,4,2025-11,0,0.0005704225623048842
XGBoost,5,2025-11,0,0.002690600696951151
XGBoost,6,2025-11,0,0.9138662815093994
XGBoost,7,2025-11,0,0.0018406048184260726
XGBoost,8,2025-11,0,0.003083999967202544
XGBoost,9,2025-11,0,0.3859277665615082
XGBoost,10,2025-11,0,0.0165002029389143
XGBoost,11,2025-11,0,0.001194810844026506
XGBoost,12,2025-11,0,0.0004952089511789382
XGBoost,13,2025-11,0,0.017971806228160858
XGBoost,14,2025-11,0,0.492178350687027
XGBoost,15,2025-11,0,0.01612049527466297
XGBoost,16,2025-11,0,0.002013392513617873
XGBoost,17,2025-11,0,0.001236900920048356
XGBoost,18,2025-11,0,0.15554110705852509
XGBoost,19,2025-11,0,0.03591331094503403
XGBoost,20,2025-11,1,0.9917718768119812
XGBoost,21,2025-11,0,0.0010284779127687216
XGBoost,22,2025-11,1,0.7290577292442322
XGBoost,23,2025-11,0,0.0028826429042965174
XGBoost,24,2025-11,0,0.0004065525718033314
XGBoost,25,2025-11,0,0.014049920253455639
XGBoost,26,2025-11,0,0.2976631224155426
XGBoost,27,2025-11,1,0.9909226298332214
XGBoost,28,2025-11,0,0.00012270078877918422
XGBoost,29,2025-11,1,0.996678352355957
XGBoost,30,2025-11,1,0.9452996253967285
XGBoost,31,2025-11,1,0.40382370352745056
XGBoost,32,2025-11,0,0.8790327906608582
XGBoost,33,2025-11,0,0.0008711111731827259
XGBoost,34,2025-11,1,0.9814803004264832
XGBoost,35,2025-11,0,0.0006112071569077671
XGBoost,36,2025-11,0,0.0002937938261311501
XGBoost,37,2025-11,0,0.0031436518765985966
XGBoost,38,2025-11,0,0.0015527523355558515
XGBoost,39,2025-11,0,0.002138954121619463
XGBoost,40,2025-11,1,0.8044906854629517
XGBoost,41,2025-11,0,0.0009491053642705083
XGBoost,42,2025-11,0,0.0004486422403715551
XGBoost,43,2025-11,0,0.0009101476171053946
XGBoost,44,2025-11,1,0.9532831907272339
XGBoost,45,2025-11,0,0.004098687320947647
XGBoost,46,2025-11,0,0.01855829916894436
XGBoost,47,2025-11,0,0.0007149581215344369
XGBoost,48,2025-11,0,0.00225249445065856
XGBoost,49,2025-11,0,0.00017842877423390746
XGBoost,50,2025-11,0,0.005692086182534695
XGBoost,51,2025-11,0,0.14271460473537445
XGBoost,52,2025-11,0,0.0008684918866492808
XGBoost,53,2025-11,0,0.030765915289521217
XGBoost,54,2025-11,0,0.9141811728477478
XGBoost,55,2025-11,1,0.9969325065612793
XGBoost,56,2025-11,0,0.0028433382976800203
XGBoost,57,2025-11,1,0.9977930784225464
XGBoost,58,2025-11,0,0.026333538815379143
XGBoost,59,2025-11,0,0.0006908103241585195
XGBoost,60,2025-11,0,0.0006755688809789717
XGBoost,61,2025-11,0,0.0013386141508817673
XGBoost,62,2025-11,0,0.0025267174933105707
XGBoost,63,2025-11,0,0.005027266684919596
XGBoost,64,2025-11,0,0.0045486995950341225
XGBoost,65,2025-11,0,0.24889996647834778
XGBoost,66,2025-11,0,0.0002459278330206871
XGBoost,67,2025-11,0,0.0022231435868889093
XGBoost,68,2025-11,0,0.0015174030559137464
XGBoost,69,2025-11,0,0.0033985350746661425
XGBoost,70,2025-11,0,0.0017464550910517573
XGBoost,71,2025-11,0,0.0006509303348138928
XGBoost,72,2025-11,0,0.0007244887528941035
XGBoost,73,2025-11,0,0.0005617662100121379
XGBoost,74,2025-11,0,0.0004051894648000598
XGBoost,75,2025-11,0,0.0005025435821153224
XGBoost,76,2025-11,0,0.000753016967792064
XGBoost,77,2025-11,0,0.0017698192968964577
XGBoost,78,2025-11,0,0.0006811314960941672
XGBoost,79,2025-11,0,0.0006154117290861905
XGBoost,80,2025-11,0,0.0003994093567598611
XGBoost,81,2025-11,0,0.0003025381301995367
XGBoost,82,2025-11,0,0.000585141300689429
XGBoost,83,2025-11,0,0.003373241052031517
XGBoost,0,2025-12,0,0.002328947652131319
XGBoost,1,2025-12,0,0.0003989370889030397
XGBoost,2,2025-12,0,0.001486870925873518
XGBoost,3,2025-12,0,0.00042975909309461713
XGBoost,4,2025-12,0,0.00044674312812276185
XGBoost,5,2025-12,0,0.0011359314667060971
XGBoost,6,2025-12,0,0.7784067988395691
XGBoost,7,2025-12,0,0.0004727072664536536
XGBoost,8,2025-12,0,0.032774876803159714
XGBoost,9,2025-12,1,0.7593867182731628
XGBoost,10,2025-12,0,0.003013982204720378
XGBoost,11,2025-12,0,0.0014829625142738223
XGBoost,12,2025-12,0,0.0005053705535829067
XGBoost,13,2025-12,0,0.013510161079466343
XGBoost,14,2025-12,0,0.7833930253982544
XGBoost,15,2025-12,0,0.010094335302710533
XGBoost,16,2025-12,0,0.0017097211675718427
XGBoost,17,2025-12,0,0.0030888798646628857
XGBoost,18,2025-12,0,0.14276805520057678
XGBoost,19,2025-12,1,0.0005021991091780365
XGBoost,20,2025-12,1,0.995387613773346
XGBoost,21,2025-12,0,0.0021354996133595705
XGBoost,22,2025-12,1,0.9871290922164917
XGBoost,23,2025-12,0,0.0024209334515035152
XGBoost,24,2025-12,0,0.0003472996177151799
XGBoost,25,2025-12,0,0.00046668387949466705
XGBoost,26,2025-12,0,0.02357657626271248
XGBoost,27,2025-12,1,0.9794629812240601
XGBoost,28,2025-12,0,0.005282143130898476
XGBoost,29,2025-12,1,0.9986101388931274
XGBoost,30,2025-12,1,0.9663078188896179
XGBoost,31,2025-12,1,0.06189822405576706
XGBoost,32,2025-12,0,0.8964404463768005
XGBoost,33,2025-12,0,0.0023294452112168074
XGBoost,34,2025-12,1,0.9922342300415039
XGBoost,35,2025-12,0,0.007183626294136047
XGBoost,36,2025-12,0,0.0004037345352116972
XGBoost,37,2025-12,0,0.0006218522903509438
XGBoost,38,2025-12,0,0.0013803651090711355
XGBoost,39,2025-12,0,0.00040746686863712966
XGBoost,40,2025-12,0,0.9514366984367371
XGBoost,41,2025-12,0,0.0011335019953548908
XGBoost,42,2025-12,0,0.0006052104290574789
XGBoost,43,2025-12,0,0.0005298412288539112
XGBoost,44,2025-12,0,0.9324416518211365
XGBoost,45,2025-12,0,0.0013265786692500114
XGBoost,46,2025-12,0,0.002656493568792939
XGBoost,47,2025-12,0,0.0008479845710098743
XGBoost,48,2025-12,0,0.0015575287397950888
XGBoost,49,2025-12,0,0.0005142257432453334
XGBoost,50,2025-12,0,0.0017941276310011744
XGBoost,51,2025-12,0,0.7652275562286377
XGBoost,52,2025-12,0,0.0006605576490983367
XGBoost,53,2025-12,0,0.003216476645320654
XGBoost,54,2025-12,0,0.859495222568512
XGBoost,55,2025-12,1,0.9897973537445068
XGBoost,56,2025-12,0,0.00894222129136324
XGBoost,57,2025-12,1,0.9987286925315857
XGBoost,58,2025-12,0,0.011669469997286797
XGBoost,59,2025-12,0,0.0004835846193600446
XGBoost,60,2025-12,0,0.000534692604560405
XGBoost,61,2025-12,0,0.0012002541916444898
XGBoost,62,2025-12,0,0.0013918861513957381
XGBoost,63,2025-12,0,0.0003159813932143152
XGBoost,64,2025-12,0,0.0010310403304174542
XGBoost,65,2025-12,0,0.1175558790564537
XGBoost,66,2025-12,0,0.04138586297631264
XGBoost,67,2025-12,0,0.00218247645534575
XGBoost,68,2025-12,0,0.00065530528081581
XGBoost,69,2025-12,0,0.0010679257102310658
XGBoost,70,2025-12,0,0.0017496062209829688
XGBoost,71,2025-12,0,0.0004665628948714584
XGBoost,72,2025-12,0,0.0007556428899988532
XGBoost,73,2025-12,0,0.0005384660325944424
XGBoost,74,2025-12,0,0.00035075913183391094
XGBoost,75,2025-12,0,0.0003809062473010272
XGBoost,76,2025-12,0,0.00039156220736913383
XGBoost,77,2025-12,0,0.0007161497487686574
XGBoost,78,2025-12,0,0.0005559264682233334
XGBoost,79,2025-12,0,0.0006238379864953458
XGBoost,80,2025-12,0,0.0003472996177151799
XGBoost,81,2025-12,0,0.0002852755133062601
XGBoost,82,2025-12,0,0.0004699397541116923
XGBoost,83,2025-12,0,0.002016735263168812
XGBoost,0,2026-01,0,0.00305646238848567
XGBoost,1,2026-01,0,0.0004282288427930325
XGBoost,2,2026-01,0,0.0020693244878202677
XGBoost,3,2026-01,0,0.0006088608643040061
XGBoost,4,2026-01,0,0.000614013581071049
XGBoost,5,2026-01,0,0.004238555207848549
XGBoost,6,2026-01,0,0.5418402552604675
XGBoost,7,2026-01,0,0.0006569507531821728
XGBoost,8,2026-01,0,0.012380017898976803
XGBoost,9,2026-01,1,0.8314012289047241
XGBoost,10,2026-01,0,0.0025128221604973078
XGBoost,11,2026-01,0,0.001388277974911034
XGBoost,12,2026-01,0,0.0006124708452261984
XGBoost,13,2026-01,0,0.0008790473802946508
XGBoost,14,2026-01,0,0.23276108503341675
XGBoost,15,2026-01,0,0.01474645547568798
XGBoost,16,2026-01,0,0.001901915529742837
XGBoost,17,2026-01,0,0.0038319153245538473
XGBoost,18,2026-01,0,0.28223544359207153
XGBoost,19,2026-01,0,0.5334213972091675
XGBoost,20,2026-01,1,0.9774436354637146
XGBoost,21,2026-01,1,0.02728906273841858
XGBoost,22,2026-01,0,0.9540709853172302
XGBoost,23,2026-01,0,0.009543254040181637
XGBoost,24,2026-01,0,0.0005013393820263445
XGBoost,25,2026-01,0,0.001155524281784892
XGBoost,26,2026-01,0,0.07592292129993439
XGBoost,27,2026-01,1,0.9951451420783997
XGBoost,28,2026-01,0,0.0033500478602945805
XGBoost,29,2026-01,1,0.9961268305778503
XGBoost,30,2026-01,1,0.8479272723197937
XGBoost,31,2026-01,0,0.9522811770439148
XGBoost,32,2026-01,1,0.7134461998939514
XGBoost,33,2026-01,0,0.005034405738115311
XGBoost,34,2026-01,1,0.9941917061805725
XGBoost,35,2026-01,0,0.006030271761119366
XGBoost,36,2026-01,0,0.0007441388443112373
XGBoost,37,2026-01,0,0.0006341354455798864
XGBoost,38,2026-01,0,0.002458844566717744
XGBoost,39,2026-01,0,0.0018901260336861014
XGBoost,40,2026-01,1,0.8803814649581909
XGBoost,41,2026-01,0,0.0027551373932510614
XGBoost,42,2026-01,0,0.0020842605736106634
XGBoost,43,2026-01,0,0.0072872391901910305
XGBoost,44,2026-01,1,0.8603781461715698
XGBoost,45,2026-01,0,0.00476996973156929
XGBoost,46,2026-01,0,0.0024293847382068634
XGBoost,47,2026-01,0,0.0011342474026605487
XGBoost,48,2026-01,0,0.0015334842028096318
XGBoost,49,2026-01,0,0.0003496480348985642
XGBoost,50,2026-01,0,0.006263159215450287
XGBoost,51,2026-01,1,0.3984643518924713
XGBoost,52,2026-01,0,0.031928710639476776
XGBoost,53,2026-01,0,0.0014614855172112584
XGBoost,54,2026-01,0,0.585673987865448
XGBoost,55,2026-01,0,0.9938410520553589
XGBoost,56,2026-01,0,0.004413717892020941
XGBoost,57,2026-01,1,0.9961360096931458
XGBoost,58,2026-01,0,0.0023664459586143494
XGBoost,59,2026-01,0,0.0005614578840322793
XGBoost,60,2026-01,0,0.0005697262240573764
XGBoost,61,2026-01,0,0.0010253404034301639
XGBoost,62,2026-01,0,0.001557679963298142
XGBoost,63,2026-01,0,0.0016176523640751839
XGBoost,64,2026-01,0,0.0026859422214329243
XGBoost,65,2026-01,0,0.09030492603778839
XGBoost,66,2026-01,0,0.00541562819853425
XGBoost,67,2026-01,0,0.0027746413834393024
XGBoost,68,2026-01,0,0.0012060553999617696
XGBoost,69,2026-01,0,0.0035725741181522608
XGBoost,70,2026-01,0,0.0012130383402109146
XGBoost,71,2026-01,0,0.0005068235914222896
XGBoost,72,2026-01,0,0.0006127592641860247
XGBoost,73,2026-01,0,0.0005105948657728732
XGBoost,74,2026-01,0,0.00039559704600833356
XGBoost,75,2026-01,0,0.00042231459519825876
XGBoost,76,2026-01,0,0.0006388896144926548
XGBoost,77,2026-01,0,0.0009095646091736853
XGBoost,78,2026-01,0,0.000653246243018657
XGBoost,79,2026-01,0,0.0008400116348639131
XGBoost,80,2026-01,0,0.0004985838895663619
XGBoost,81,2026-01,0,0.00041773050907067955
XGBoost,82,2026-01,0,0.0005992522346787155
XGBoost,83,2026-01,0,0.003465222893282771
